code_name,Molecule,ESOL predicted log solubility in mols per litre,Minimum Degree,Molecular Weight,Number of H-Bond Donors,Number of Rings,Number of Rotatable Bonds,Polar Surface Area,measured log solubility in mols per litre,smiles
mol_1,Amigdalin,-0.974,1,457.432,7,3,7,202.32,-0.77,OCC3OC(OCC2OC(OC(C#N)c1ccccc1)C(O)C(O)C2O)C(O)C(O)C3O 
mol_2,Fenfuram,-2.885,1,201.225,1,2,2,42.24,-3.3,Cc1occc1C(=O)Nc2ccccc2
mol_3,citral,-2.579,1,152.237,0,0,4,17.07,-2.06,CC(C)=CCCC(C)=CC(=O)
mol_4,Picene,-6.618,2,278.354,0,5,0,0,-7.87,c1ccc2c(c1)ccc3c2ccc4c5ccccc5ccc43
mol_5,Thiophene,-2.232,2,84.143,0,1,0,0,-1.33,c1ccsc1
mol_6,benzothiazole,-2.733,2,135.191,0,2,0,12.89,-1.5,c2ccc1scnc1c2 
mol_7,"2,2,4,6,6'-PCB",-6.545,1,326.437,0,2,1,0,-7.32,Clc1cc(Cl)c(c(Cl)c1)c2c(Cl)cccc2Cl
mol_8,Estradiol,-4.138,1,272.388,2,4,0,40.46,-5.03,CC12CCC3C(CCc4cc(O)ccc34)C2CCC1O
mol_9,Dieldrin,-4.533,1,380.913,0,5,0,12.53,-6.29,ClC4=C(Cl)C5(Cl)C3C1CC(C2OC12)C3C4(Cl)C5(Cl)Cl
mol_10,Rotenone,-5.246,1,394.423,0,5,3,63.22,-4.42,COc5cc4OCC3Oc2c1CC(Oc1ccc2C(=O)C3c4cc5OC)C(C)=C 
mol_11,2-pyrrolidone,0.243,1,85.106,1,1,0,29.1,1.07,O=C1CCCN1
mol_12,2-Chloronapthalene,-4.063,1,162.619,0,2,0,0,-4.14,Clc1ccc2ccccc2c1
mol_13,1-Pentene ,-2.01,1,70.135,0,0,2,0,-2.68,CCCC=C
mol_14,Primidone,-1.897,1,218.256,2,2,2,58.2,-2.64,CCC1(C(=O)NCNC1=O)c2ccccc2
mol_15,Tetradecane,-5.45,1,198.394,0,0,11,0,-7.96,CCCCCCCCCCCCCC
mol_16,2-Chloropropane,-1.585,1,78.542,0,0,0,0,-1.41,CC(C)Cl
mol_17,2-Methylbutanol,-1.027,1,88.15,1,0,2,20.23,-0.47,CCC(C)CO
mol_18,Benzonitrile,-2.03,1,103.124,0,1,0,23.79,-1,N#Cc1ccccc1
mol_19,Diazinon,-3.989,1,304.352,0,1,7,53.47,-3.64,CCOP(=S)(OCC)Oc1cc(C)nc(n1)C(C)C
mol_20,2-Undecanol,-3.096,1,172.312,1,0,8,20.23,-2.94,CCCCCCCCCC(C)O
mol_21,"2,2',3,4,6-PCB",-6.627,1,326.437,0,2,1,0,-7.43,Clc1ccc(c(Cl)c1)c2c(Cl)ccc(Cl)c2Cl 
mol_22,Lenacil,-3.355,1,234.299,1,3,1,54.86,-4.594,O=c2[nH]c1CCCc1c(=O)n2C3CCCCC3
mol_23,Phorate,-3.747,1,260.386,0,0,8,18.46,-4.11,CCOP(=S)(OCC)SCSCC
mol_24,Phenacetin,-2.342,1,179.219,1,1,3,38.33,-2.35,CCOc1ccc(NC(=O)C)cc1
mol_25,Dinitramine,-4.479,1,322.243,1,1,5,115.54,-5.47,CCN(CC)c1c(cc(c(N)c1N(=O)=O)C(F)(F)F)N(=O)=O
mol_26,1-Heptanol,-1.751,1,116.204,1,0,5,20.23,-1.81,CCCCCCCO
mol_27,Theophylline,-1.452,1,180.167,1,2,0,72.68,-1.39,Cn1c(=O)n(C)c2nc[nH]c2c1=O
mol_28,Butethal,-1.974,1,212.249,2,1,4,75.27,-1.661,CCCCC1(CC)C(=O)NC(=O)NC1=O
mol_29,"P,P'-DDE",-6.553,1,318.03,0,2,2,0,-6.9,ClC(Cl)=C(c1ccc(Cl)cc1)c2ccc(Cl)cc2
mol_30,Methyl octanoate,-2.608,1,158.241,0,0,6,26.3,-3.17,CCCCCCCC(=O)OC
mol_31,"1,4-Diethylbenzene ",-3.633,1,134.222,0,1,2,0,-3.75,CCc1ccc(CC)cc1
mol_32,Terbufos,-4.367,1,288.44,0,0,7,18.46,-4.755,CCOP(=S)(OCC)SCSC(C)(C)C
mol_33,Phenmedipham,-4.229,1,300.314,2,2,3,76.66,-4.805,COC(=O)Nc1cccc(OC(=O)Nc2cccc(C)c2)c1
mol_34,"1,1-Dichloroethylene",-1.939,1,96.944,0,0,0,0,-1.64,ClC(=C)Cl
mol_35,1-Methylfluorene,-4.478,1,180.25,0,3,0,0,-5.22,Cc1cccc2c1Cc3ccccc32
mol_36,Valeraldehyde,-1.103,1,86.134,0,0,3,17.07,-0.85,CCCCC=O
mol_37,Diphenylamine,-3.857,2,169.227,1,2,2,12.03,-3.504,N(c1ccccc1)c2ccccc2
mol_38,Fenothiocarb,-3.297,1,253.367,0,1,6,29.54,-3.927,CN(C)C(=O)SCCCCOc1ccccc1
mol_39,Piperophos,-4.637,1,353.49,0,1,9,38.77,-4.15,CCCOP(=S)(OCCC)SCC(=O)N1CCCCC1C
mol_40,1-Iodoheptane,-3.904,1,226.101,0,0,5,0,-4.81,CCCCCCCI
mol_41,3-Chlorobiphenyl,-4.685,1,188.657,0,2,1,0,-4.88,c1c(Cl)cccc1c2ccccc2
mol_42,4-Pentene-1-ol,-0.791,1,86.134,1,0,3,20.23,-0.15,OCCCC=C
mol_43,Cyclobutyl-5-spirobarbituric acid,-0.527,1,168.152,2,2,0,75.27,-1.655,O=C2NC(=O)C1(CCC1)C(=O)N2
mol_44,menthol,-2.782,1,156.269,1,1,1,20.23,-2.53,CC(C)C1CCC(C)CC1O 
mol_45,Isopropyl formate,-0.684,1,88.106,0,0,2,26.3,-0.63,CC(C)OC=O
mol_46,2-Heptanol ,-1.678,1,116.204,1,0,4,20.23,-1.55,CCCCCC(C)O
mol_47,p-Bromoacetanilide,-3.012,1,214.062,1,1,1,29.1,-3.083,CC(=O)Nc1ccc(Br)cc1
mol_48,brompyrazone,-3.005,1,266.098,1,2,1,60.91,-3.127,c1ccccc1n2ncc(N)c(Br)c2(=O)
mol_49,nifedipine,-4.248,1,346.339,1,2,4,107.77,-4.76,COC(=O)C1=C(C)NC(=C(C1c2ccccc2N(=O)=O)C(=O)OC)C 
mol_50,"2,7-dimethylquinoline",-3.342,1,157.216,0,2,0,12.89,-1.94,c2c(C)cc1nc(C)ccc1c2 
mol_51,1-Octyne ,-2.509,1,110.2,0,0,4,0,-3.66,CCCCCCC#C
mol_52,cyclobarbital,-2.421,1,236.271,2,2,2,75.27,-2.17,CCC1(C(=O)NC(=O)NC1=O)C2=CCCCC2 
mol_53,Chrysene,-5.568,2,228.294,0,4,0,0,-8.057,c1ccc2c(c1)ccc3c4ccccc4ccc23
mol_54,Bromacil,-3.419,1,261.119,1,1,2,54.86,-2.523,CCC(C)n1c(=O)[nH]c(C)c(Br)c1=O 
mol_55,"2,2',3,3',5,6-PCB",-7.185,1,360.882,0,2,1,0,-8.6,Clc1cccc(c1Cl)c2c(Cl)c(Cl)cc(Cl)c2Cl 
mol_56,2-Methylphenol,-2.281,1,108.14,1,1,0,20.23,-0.62,Cc1ccccc1O
mol_57,"2,2,5-Trimethylhexane",-3.631,1,128.259,0,0,2,0,-5.05,CC(C)CCC(C)(C)C
mol_58,"1,4-Dimethylnaphthalene ",-4.147,1,156.228,0,2,0,0,-4.14,Cc1ccc(C)c2ccccc12
mol_59,6-Methylchrysene,-5.931,1,242.321,0,4,0,0,-6.57,Cc1cc2c3ccccc3ccc2c4ccccc14
mol_60,2-Pentanone,-0.846,1,86.134,0,0,2,17.07,-0.19,CCCC(=O)C
mol_61,"2,2',3,3',5,5',6,6'-PCB",-8.304,1,429.772,0,2,1,0,-9.15,Clc1cc(Cl)c(Cl)c(c1Cl)c2c(Cl)c(Cl)cc(Cl)c2Cl 
mol_62,Methyl butyrate,-1.545,1,116.16,0,0,3,26.3,-0.82,CCCOC(=O)CC
mol_63,Triamcinolone,-2.734,1,394.439,4,4,2,115.06,-3.68,CC34CC(O)C1(F)C(CCC2=CC(=O)C=CC12C)C3CC(O)C4(O)C(=O)CO
mol_64,p-Aminophenol,-1.231,1,109.128,2,1,0,46.25,-0.8,Nc1ccc(O)cc1
mol_65,Benznidazole,-2.321,1,260.253,1,2,5,90.06,-2.81,O=C(Cn1ccnc1N(=O)=O)NCc2ccccc2
mol_66,"Atovaquone(0,430mg/ml) - neutral",-6.269,1,366.844,1,4,2,54.37,-5.931,OC4=C(C1CCC(CC1)c2ccc(Cl)cc2)C(=O)c3ccccc3C4=O
mol_67,Trietazine,-3.233,1,229.715,1,1,5,53.94,-4.06,CCNc1nc(Cl)nc(n1)N(CC)CC
mol_68,Pyrazinamide,-0.674,1,123.115,1,1,1,68.87,-0.667,NC(=O)c1cnccn1
mol_69,Carbromal,-2.198,1,237.097,2,0,3,72.19,-2.68,CCC(Br)(CC)C(=O)NC(N)=O
mol_70,"2,2'-PCB",-4.984,1,223.102,0,2,1,0,-5.27,Clc1ccccc1c2ccccc2Cl 
mol_71,nitrofurantoin,-1.243,1,238.159,1,2,3,118.05,-3.38,O=C2CN(N=Cc1ccc(o1)N(=O)=O)C(=O)N2 
mol_72,Nitrofen,-5.361,1,284.098,0,2,3,52.37,-5.46,Clc2ccc(Oc1ccc(cc1)N(=O)=O)c(Cl)c2
mol_73,Camphor,-2.158,1,152.237,0,2,0,17.07,-1.96,CC1(C)C2CCC1(C)C(=O)C2
mol_74,5-Allyl-5-phenylbarbital,-2.36,1,244.25,2,2,3,75.27,-2.369,O=C1NC(=O)NC(=O)C1(CC=C)c1ccccc1
mol_75,Pentyl propanoate,-1.899,1,130.187,0,0,4,26.3,-2.25,CCCCC(=O)OCC
mol_76,Isopentyl acetate,-1.817,1,130.187,0,0,3,26.3,-1.92,CC(C)CCOC(=O)C
mol_77,3-Hexanoyloxymethylphenyltoin,-4.153,1,380.444,1,3,8,75.71,-5.886,O=C1N(COC(=O)CCCCC)C(=O)C(N1)(c2ccccc2)c3ccccc3
mol_78,"2,3',5-PCB",-5.762,1,257.547,0,2,1,0,-6.01,Clc1cccc(c1)c2cc(Cl)ccc2Cl 
mol_79,1-Bromopropane,-1.949,1,122.993,0,0,1,0,-1.73,CCCBr
mol_80,Propiconazole,-4.603,1,342.226,0,3,5,49.17,-3.493,CCCC1COC(Cn2cncn2)(O1)c3ccc(Cl)cc3Cl
mol_81,Formothion,-2.087,1,257.273,0,0,6,55.84,-1.995,COP(=S)(OC)SCC(=O)N(C)C=O
mol_82,4-methylpteridine,-1.24,1,146.153,0,2,0,51.56,-0.466,Cc1ncnc2nccnc12
mol_83,Thiourea,0.329,1,76.124,2,0,0,52.04,0.32,NC(=S)N
mol_84,p-Xylene ,-3.035,1,106.168,0,1,0,0,-2.77,Cc1ccc(C)cc1
mol_85,"1,2-Diethylbenzene",-3.601,1,134.222,0,1,2,0,-3.28,CCc1ccccc1CC
mol_86,Hexachloroethane,-4.215,1,236.74,0,0,0,0,-3.67,ClC(Cl)(Cl)C(Cl)(Cl)Cl
mol_87,Flucythrinate,-6.878,1,451.469,0,3,9,68.55,-6.876,CC(C)C(C(=O)OC(C#N)c1cccc(Oc2ccccc2)c1)c3ccc(OC(F)F)cc3
mol_88,1-Nitropropane,-0.816,1,89.094,0,0,2,43.14,-0.8,CCCN(=O)=O
mol_89,Menthone,-2.516,1,154.253,0,1,1,17.07,-2.35,CC(C)C1CCC(C)CC1=O
mol_90,RTI 24,-4.423,1,273.723,1,3,1,45.23,-5.36,CCN2c1cc(Cl)ccc1NC(=O)c3cccnc23 
mol_91,"2,3-Dichloronitrobenzene",-3.322,1,192.001,0,1,1,43.14,-3.48,O=N(=O)c1c(Cl)c(Cl)ccc1
mol_92,thiamylal,-3.063,1,254.355,2,1,5,58.2,-3.46,CCCC(C)C1(CC=C)C(=O)NC(=S)NC1=O 
mol_93,Fluoranthene,-4.957,2,202.256,0,4,0,0,-6,c1ccc2c(c1)c3cccc4cccc2c34
mol_94,Propylisopropylether,-1.354,1,102.177,0,0,3,9.23,-1.34,CCCOC(C)C
mol_95,"1,3-Dimethylnaphthalene",-4.147,1,156.228,0,2,0,0,-4.29,Cc1cc(C)c2ccccc2c1
mol_96,diethylstilbestrol,-5.074,1,268.356,2,2,4,40.46,-4.07,CCC(=C(CC)c1ccc(O)cc1)c2ccc(O)cc2 
mol_97,Chlorothalonil,-3.995,1,265.914,0,1,0,47.58,-5.64,c1(C#N)c(Cl)c(C#N)c(Cl)c(Cl)c(Cl)1
mol_98,"2,3',4',5-PCB",-6.312,1,291.992,0,2,1,0,-7.25,Clc1ccc(Cl)c(c1)c2ccc(Cl)c(Cl)c2
mol_99,styrene oxide,-1.826,2,120.151,0,2,1,12.53,-1.6,C1OC1c2ccccc2 
mol_100,Isopropylbenzene ,-3.265,1,120.195,0,1,1,0,-3.27,CC(C)c1ccccc1
mol_101,Deoxycorticosterone,-3.939,1,330.468,1,4,2,54.37,-3.45,CC12CCC3C(CCC4=CC(=O)CCC34C)C2CCC1C(=O)CO
mol_102,chlorquinox,-4.438,1,267.93,0,2,0,25.78,-5.43,c2(Cl)c(Cl)c(Cl)c1nccnc1c2(Cl) 
mol_103,L-arabinose,0.601,1,150.13,4,1,0,90.15,0.39,C1OC(O)C(O)C(O)C1O
mol_104,Dichloromethane,-1.156,1,84.933,0,0,0,0,-0.63,ClCCl
mol_105,1-Ethylnaphthalene ,-4.1,1,156.228,0,2,1,0,-4.17,CCc1cccc2ccccc12
mol_106,Methyl formate,-0.048,1,60.052,0,0,1,26.3,0.58,COC=O
mol_107,o-Nitrophenol,-2.318,1,139.11,1,1,1,63.37,-1.74,Oc1ccccc1N(=O)=O
mol_108,thymine,-0.78,1,126.115,2,1,0,65.72,-1.506,Cc1c[nH]c(=O)[nH]c1=O 
mol_109,2-Methylpropane,-1.891,1,58.124,0,0,0,0,-2.55,CC(C)C
mol_110,Inosine,-0.834,1,268.229,4,3,2,133.75,-1.23,OCC1OC(C(O)C1O)n2cnc3c(O)ncnc23
mol_111,Ioxynil,-4.615,1,370.915,1,1,0,44.02,-3.61,Oc1c(I)cc(C#N)cc1I
mol_112,Niclosamide,-5.032,1,327.123,2,2,3,92.47,-4.7,Oc1ccc(Cl)cc1C(=O)Nc2ccc(cc2Cl)N(=O)=O
mol_113,Pentane,-2.261,1,72.151,0,0,2,0,-3.18,CCCCC
mol_114,Phenol,-1.991,1,94.113,1,1,0,20.23,0,c1ccccc1O
mol_115,2-aminoanthracene,-3.789,1,193.249,1,3,0,26.02,-5.17,Nc3ccc2cc1ccccc1cc2c3 
mol_116,theobromine,-1.05,1,180.167,1,2,0,72.68,-2.523,Cn1cnc2n(C)c(=O)[nH]c(=O)c12 
mol_117,Isoquinoline,-2.531,2,129.162,0,2,0,12.89,-1.45,c1ccc2cnccc2c1
mol_118,Anilofos,-5.106,1,367.86,0,1,7,38.77,-4.432,COP(=S)(OC)SCC(=O)N(C(C)C)c1ccc(Cl)cc1
mol_119,Hexylbenzene ,-4.22,1,162.276,0,1,5,0,-5.21,CCCCCCc1ccccc1
mol_120,2-Chlorobiphenyl,-4.528,1,188.657,0,2,1,0,-4.54,Clc1ccccc1c2ccccc2
mol_121,2-Methyl-1-Pentene,-2.348,1,84.162,0,0,2,0,-3.03,CCCC(=C)C
mol_122,"2,3,4-Trimethylpentane",-3.276,1,114.232,0,0,2,0,-4.8,CC(C)C(C)C(C)C
mol_123,Pentachlorobenzene,-5.168,1,250.339,0,1,0,0,-5.65,Clc1cc(Cl)c(Cl)c(Cl)c1Cl
mol_124,m-Nitrophenol,-2.318,1,139.11,1,1,1,63.37,-1.01,Oc1cccc(c1)N(=O)=O
mol_125,1-Decene,-3.781,1,140.27,0,0,7,0,-5.51,CCCCCCCCC=C
mol_126,Glyceryl triacetate,-1.285,1,218.205,0,0,5,78.9,-0.6,CC(=O)OCC(COC(=O)C)OC(=O)C
mol_127,dimethirimol,-3.57,1,209.293,1,1,4,49.25,-2.24,CCCCc1c(C)nc(nc1O)N(C)C 
mol_128,Cyfluthrin,-6.84,1,434.294,0,3,6,59.32,-7.337,CC1(C)C(C=C(Cl)Cl)C1C(=O)OC(C#N)c2ccc(F)c(Oc3ccccc3)c2
mol_129,Pyridine,-1.481,2,79.102,0,1,0,12.89,0.76,c1ccncc1
mol_130,1-Bromoheptane,-3.366,1,179.101,0,0,5,0,-4.43,CCCCCCCBr
mol_131,"3,4-Dimethylpyridine",-2.067,1,107.156,0,1,0,12.89,0.36,Cc1ccncc1C
mol_132,Fludrocortisone,-3.172,1,380.456,3,4,2,94.83,-3.43,CC34CC(O)C1(F)C(CCC2=CC(=O)CCC12C)C3CCC4(O)C(=O)CO 
mol_133,ethiofencarb,-2.855,1,225.313,1,1,4,38.33,-2.09,CCSCc1ccccc1OC(=O)NC 
mol_134,Malonic acid diethylester,-1.413,1,160.169,0,0,4,52.6,-0.82,CCOC(=O)CC(=O)OCC
mol_135,d-Limonene,-3.429,1,136.238,0,1,1,0,-4.26,CC1=CCC(CC1)C(C)=C
mol_136,Indan,-3.057,2,118.179,0,2,0,0,-3.04,C1Cc2ccccc2C1
mol_137,p-t-Butylphenol,-3.192,1,150.221,1,1,0,20.23,-2.41,CC(C)(C)c1ccc(O)cc1
mol_138,Cyclopropyl-5-spirobarbituric acid,-0.088,1,154.125,2,2,0,75.27,-1.886,O=C2NC(=O)C1(CC1)C(=O)N2 
mol_139,m-Chloroiodobenzene,-4.384,1,238.455,0,1,0,0,-3.55,Clc1cccc(I)c1
mol_140,1-Bromonapthalene,-4.434,1,207.07,0,2,0,0,-4.35,Brc1cccc2ccccc12
mol_141,trans-2-Pentene ,-2.076,1,70.135,0,0,1,0,-2.54,CC/C=C/C
mol_142,"2,6-Dimethylpyridine",-2.098,1,107.156,0,1,0,12.89,0.45,Cc1cccc(C)n1
mol_143,Trichloroethylene,-2.312,1,131.389,0,0,0,0,-1.96,ClC=C(Cl)Cl
mol_144,1-Napthylamine,-2.721,1,143.189,1,2,0,26.02,-1.92,Nc1cccc2ccccc12
mol_145,m-Xylene ,-3.035,1,106.168,0,1,0,0,-2.82,Cc1cccc(C)c1
mol_146,2-hydroxypteridine,-1.404,1,148.125,1,2,0,71.79,-1.947,Oc2ncc1nccnc1n2
mol_147,Methanol,0.441,1,32.042,1,0,0,20.23,1.57,CO
mol_148,Amobarbital,-2.312,1,226.276,2,1,4,75.27,-2.468,CCC1(CCC(C)C)C(=O)NC(=O)NC1=O
mol_149,2-Butanone,-0.491,1,72.107,0,0,1,17.07,0.52,CCC(=O)C
mol_150,5-fluorouracil,-0.792,1,130.078,2,1,0,65.72,-1.077,Fc1c[nH]c(=O)[nH]c1=O 
mol_151,tubercidin,-0.892,1,266.257,4,3,2,126.65,-1.95,Nc1ncnc2n(ccc12)C3OC(CO)C(O)C3O 
mol_152,"1,3-Benzenediol",-1.59,1,110.112,2,1,0,40.46,0.81,Oc1cccc(O)c1
mol_153,1-Hexanol,-1.397,1,102.177,1,0,4,20.23,-1.24,CCCCCCO
mol_154,1-Chloropentane,-2.294,1,106.596,0,0,3,0,-2.73,CCCCCCl
mol_155,"1,3-Butadiene",-1.376,1,54.092,0,0,1,0,-1.87,C=CC=C
mol_156,Propyl acetate,-1.125,1,102.133,0,0,2,26.3,-0.72,CCCOC(=O)C
mol_157,"5,6,7,8-tetrahydro-2-naphthol",-3.086,1,148.205,1,2,0,20.23,-1.99,Oc2ccc1CCCCc1c2 
mol_158,chloroacetamide,-0.106,1,93.513,1,0,1,43.09,-0.02,NC(=O)CCl 
mol_159,Iodofenphos,-6.148,1,413,0,1,4,27.69,-6.62,COP(=S)(OC)Oc1cc(Cl)c(I)cc1Cl
mol_160,4-Chlorotoluene,-3.297,1,126.586,0,1,0,0,-3.08,Cc1ccc(Cl)cc1
mol_161,Metribuzin,-2.324,1,214.294,1,1,1,73.8,-2.253,CSc1nnc(c(=O)n1N)C(C)(C)C
mol_162,Tricresyl phosphate,-6.39,1,368.369,0,3,6,44.76,-6.01,Cc1ccc(OP(=O)(Oc2cccc(C)c2)Oc3ccccc3C)cc1
mol_163,Caproaldehyde,-1.457,1,100.161,0,0,4,17.07,-1.3,CCCCCC=O
mol_164,Butamben,-3.039,1,193.246,1,1,4,52.32,-3.082,CCCCOC(=O)c1ccc(N)cc1
mol_165,RTI 3,-3.049,1,255.277,1,3,0,68.45,-3.043,O2c1cc(C)ccc1N(C)C(=O)c3cc(N)cnc23 
mol_166,Nerol,-2.603,1,154.253,1,0,4,20.23,-2.46,CC(C)=CCC/C(C)=C\CO
mol_167,"2,4'-PCB",-5.142,1,223.102,0,2,1,0,-5.28,Clc1ccc(cc1)c2ccccc2Cl 
mol_168,3-Octanoyloxymethylphenytoin,-4.84,1,408.498,1,3,10,75.71,-6.523,O=C1N(COC(=O)CCCCCCC)C(=O)C(N1)(c2ccccc2)c3ccccc3
mol_169,Nitroethane,-0.462,1,75.067,0,0,1,43.14,-0.22,CCN(=O)=O
mol_170,Ethalfluralin,-5.063,1,333.266,0,1,6,89.52,-6.124,CCN(CC(C)=C)c1c(cc(cc1N(=O)=O)C(F)(F)F)N(=O)=O
mol_171,"1,2,3,4-Tetrachlorobenzene",-4.546,1,215.894,0,1,0,0,-4.57,Clc1ccc(Cl)c(Cl)c1Cl
mol_172,Meprobamate,-1.376,1,218.253,2,0,6,104.64,-1.807,CCCC(C)(COC(N)=O)COC(N)=O 
mol_173,pregnenolone,-4.342,1,316.485,1,4,1,37.3,-4.65,CC(=O)C3CCC4C2CC=C1CC(O)CCC1(C)C2CCC34C 
mol_174,Iodomethane,-1.646,1,141.939,0,0,0,0,-1,CI
mol_175,cycloheximide,-1.532,1,281.352,2,2,3,83.47,-1.13,CC1CC(C)C(=O)C(C1)C(O)CC2CC(=O)NC(=O)C2 
mol_176,3-Heptanoyloxymethylphenytoin,-4.496,1,394.471,1,3,9,75.71,-6.301,O=C1N(COC(=O)CCCCCC)C(=O)C(N1)(c2ccccc2)c3ccccc3
mol_177,isophorone,-2.015,1,138.21,0,1,0,17.07,-1.06,CC1=CC(=O)CC(C)(C)C1 
mol_178,Butabarbital,-1.958,1,212.249,2,1,3,75.27,-2.39,O=C1NC(=O)NC(=O)C1(CC)C(C)CC
mol_179,5-Nonanone,-2.329,1,142.242,0,0,6,17.07,-2.58,CCCCC(=O)CCCC
mol_180,Glutethimide,-2.591,1,217.268,1,2,2,46.17,-2.337,CCC1(CCC(=O)NC1=O)c2ccccc2 
mol_181,3-Methylpentane,-2.6,1,86.178,0,0,2,0,-3.68,CCC(C)CC
mol_182,Etofenprox,-6.896,1,376.496,0,3,9,27.69,-8.6,CCOc1ccc(cc1)C(C)(C)COCc3cccc(Oc2ccccc2)c3
mol_183,Methaqualone,-3.881,1,250.301,0,3,1,34.89,-2.925,Cc1ccccc1n3c(C)nc2ccccc2c3=O
mol_184,Chloroacetonitrile,-0.448,1,75.498,0,0,0,23.79,-0.092,ClCC#N
mol_185,Trichloronate,-5.225,1,333.604,0,1,5,18.46,-5.752,CCOP(=S)(CC)Oc1cc(Cl)c(Cl)cc1Cl
mol_186,Ethisterone,-3.858,1,312.453,1,4,0,37.3,-5.66,CC12CCC(=O)C=C1CCC3C2CCC4(C)C3CCC4(O)C#C 
mol_187,Pyridazine,-0.619,2,80.09,0,1,0,25.78,1.1,c1ccnnc1
mol_188,"1,2,3,5-Tetrachlorobenzene",-4.621,1,215.894,0,1,0,0,-4.63,Clc1cc(Cl)c(Cl)c(Cl)c1
mol_189,Diosgenin,-5.681,1,414.63,1,6,0,38.69,-7.32,C1C(O)CCC2(C)CC3CCC4(C)C5(C)CC6OCC(C)CC6OC5CC4C3C=C21
mol_190,o-Aminophenol,-1.465,1,109.128,2,1,0,46.25,-0.72,Nc1ccccc1O
mol_191,Ethyl nonanoate,-3.316,1,186.295,0,0,8,26.3,-3.8,CCCCCCCCC(=O)OCC
mol_192,metalaxyl,-2.87,1,279.336,0,1,5,55.84,-1.601,COCC(=O)N(C(C)C(=O)OC)c1c(C)cccc1C 
mol_193,Propoxur,-2.409,1,209.245,1,1,3,47.56,-2.05,CNC(=O)Oc1ccccc1OC(C)C
mol_194,2-Chlorobutane,-1.94,1,92.569,0,0,1,0,-1.96,CCC(C)Cl
mol_195,2-Napthol,-3.08,1,144.173,1,2,0,20.23,-2.28,Oc1ccc2ccccc2c1
mol_196,Oxadiazon,-5.265,1,345.226,0,2,3,57.26,-5.696,CC(C)Oc1cc(c(Cl)cc1Cl)n2nc(oc2=O)C(C)(C)C
mol_197,1-Hexyne ,-1.801,1,82.146,0,0,2,0,-2.36,CCCCC#C
mol_198,1-Nonyne ,-2.864,1,124.227,0,0,5,0,-4.24,CCCCCCCC#C
mol_199,2-Chlorotoluene,-3.297,1,126.586,0,1,0,0,-3.52,Cc1ccccc1Cl
mol_200,Diisopropyl ether ,-1.281,1,102.177,0,0,2,9.23,-1.1,CC(C)OC(C)C
mol_201,Dapsone,-2.464,1,248.307,2,2,2,86.18,-3.094,Nc1ccc(cc1)S(=O)(=O)c2ccc(N)cc2
mol_202,Methyl hydrazine,0.543,1,46.073,2,0,0,38.05,1.34,CNN
mol_203,Propyne,-0.672,1,40.065,0,0,0,0,-0.41,CC#C
mol_204,Phoxim,-4.557,1,298.304,0,1,7,63.84,-4.862,CCOP(=S)(OCC)ON=C(C#N)c1ccccc1
mol_205,Propetamphos,-2.826,1,281.314,1,0,7,56.79,-3.408,CCNP(=S)(OC)OC(=CC(=O)OC(C)C)C
mol_206,Acrolein,-0.184,1,56.064,0,0,1,17.07,0.57,C=CC=O
mol_207,Hypoxanthine,-0.656,1,136.114,2,2,0,74.43,-2.296,O=c1[nH]cnc2nc[nH]c12 
mol_208,6-hydroxyquinoline,-2.725,1,145.161,1,2,0,33.12,-2.16,Oc2ccc1ncccc1c2 
mol_209,Fluorobenzene,-2.514,1,96.104,0,1,0,0,-1.8,Fc1ccccc1
mol_210,1-Chloropropane,-1.585,1,78.542,0,0,1,0,-1.47,CCCCl
mol_211,Ethyl acetate,-0.77,1,88.106,0,0,1,26.3,-0.04,CCOC(=O)C
mol_212,"2,2-Dimethylpentane",-2.938,1,100.205,0,0,1,0,-4.36,CCCC(C)(C)C
mol_213,Pentamethylbenzene,-3.993,1,148.249,0,1,0,0,-4,Cc1cc(C)c(C)c(C)c1C
mol_214,eucalyptol,-2.579,1,154.253,0,3,0,9.23,-1.64,CC12CCC(CC1)C(C)(C)O2 
mol_215,dibutyl sebacate,-4.726,1,314.466,0,0,15,52.6,-3.896,CCCCOC(=O)CCCCCCCCC(=O)OCCCC
mol_216,"4,4'-PCB",-5.299,1,223.102,0,2,1,0,-6.56,Clc1ccc(cc1)c2ccc(Cl)cc2 
mol_217,"2,3-Dimethylpyridine",-2.067,1,107.156,0,1,0,12.89,0.38,Cc1cccnc1C
mol_218,Carvone,-2.042,1,150.221,0,1,1,17.07,-2.06,CC(=C)C1CC=C(C)C(=O)C1
mol_219,Carbophenthion,-5.828,1,342.875,0,1,8,18.46,-5.736,CCOP(=S)(OCC)SCSc1ccc(Cl)cc1
mol_220,"Etoposide (148-167,25mg/ml)",-3.292,1,588.562,3,7,5,160.83,-3.571,COc1cc(cc(OC)c1O)C6C2C(COC2=O)C(OC4OC3COC(C)OC3C(O)C4O)c7cc5OCOc5cc67
mol_221,Perylene,-6.007,2,252.316,0,5,0,0,-8.804,c1cc2cccc3c4cccc5cccc(c(c1)c23)c54
mol_222,"2,4-Dinitrotoluene",-2.604,1,182.135,0,1,2,86.28,-2.82,Cc1ccc(cc1N(=O)=O)N(=O)=O
mol_223,2-bromonaphthalene,-4.434,1,207.07,0,2,0,0,-4.4,c1c(Br)ccc2ccccc12 
mol_224,Formetanate,-1.846,1,221.26,1,1,3,53.93,-2.34,CNC(=O)Oc1cccc(N=CN(C)C)c1
mol_225,6-methoxypteridine,-1.589,1,162.152,0,2,1,60.79,-1.139,COc2cnc1ncncc1n2
mol_226,nevirapine,-3.397,1,266.304,1,4,1,58.12,-3.19,Cc3ccnc4N(C1CC1)c2ncccc2C(=O)Nc34 
mol_227,Isazofos,-3.76,1,313.747,0,1,7,58.4,-3.658,CCOP(=S)(OCC)Oc1nc(Cl)n(n1)C(C)C
mol_228,"2-Methyl-1,3-Butadiene ",-1.714,1,68.119,0,0,1,0,-2.03,CC(=C)C=C
mol_229,linalool,-2.399,1,154.253,1,0,4,20.23,-1.99,CC(C)=CCCC(O)(C)C=C
mol_230,Fenthion,-4.265,1,278.335,0,1,5,27.69,-4.57,COP(=S)(OC)Oc1ccc(SC)c(C)c1
mol_231,Cyclohexanol ,-1.261,1,100.161,1,1,0,20.23,-0.44,OC1CCCCC1
mol_232,5-Allyl-5-methylbarbital,-1.013,1,182.179,2,1,2,75.27,-1.16,O=C1NC(=O)NC(=O)C1(C)CC=C
mol_233,Epiandrosterone,-3.882,1,290.447,1,4,0,37.3,-4.16,CC34CCC1C(CCC2CC(O)CCC12C)C3CCC4=O
mol_234,mannitol,0.647,1,182.172,6,0,5,121.38,0.06,OCC(O)C(O)C(O)C(O)CO 
mol_235,4-Methylbiphenyl,-4.424,1,168.239,0,2,1,0,-4.62,Cc1ccc(cc1)c2ccccc2
mol_236,Atrazine,-3.069,1,215.688,2,1,4,62.73,-3.85,CCNc1nc(Cl)nc(NC(C)C)n1
mol_237,Phenylthiourea,-1.701,1,152.222,2,1,1,38.05,-1.77,NC(=S)Nc1ccccc1
mol_238,4-Heptanone,-1.62,1,114.188,0,0,4,17.07,-1.3,CCCC(=O)CCC
mol_239,"3,3-Dimethyl-2-butanone",-1.25,1,100.161,0,0,0,17.07,-0.72,CC(=O)C(C)(C)C
mol_240,4-Chlorophenol ,-2.761,1,128.558,1,1,0,20.23,-0.7,Oc1ccc(Cl)cc1
mol_241,Cyclohexanone,-0.996,1,98.145,0,1,0,17.07,-0.6,O=C1CCCCC1
mol_242,m-Methylaniline,-1.954,1,107.156,1,1,0,26.02,-0.85,Cc1cccc(N)c1
mol_243,Trichloroacetonitrile,-2.019,1,144.388,0,0,0,23.79,-2.168,ClC(Cl)(Cl)C#N
mol_244,norflurazon,-4.029,1,303.671,1,2,2,46.92,-4.046,CNc2cnn(c1cccc(c1)C(F)(F)F)c(=O)c2Cl
mol_245,2-Decanone,-2.617,1,156.269,0,0,7,17.07,-3.3,CCCCCCCCC(=O)C
mol_246,Ipazine,-3.497,1,243.742,1,1,5,53.94,-3.785,CCN(CC)c1nc(Cl)nc(NC(C)C)n1
mol_247,Benzocaine,-2.383,1,165.192,1,1,2,52.32,-2.616,CCOC(=O)c1ccc(N)cc1
mol_248,"1,2,4-Trichlorobenzene",-4.083,1,181.449,0,1,0,0,-3.59,Clc1ccc(Cl)c(Cl)c1
mol_249,Triazolam,-3.948,1,343.217,0,4,1,43.07,-4.09,Cc3nnc4CN=C(c1ccccc1Cl)c2cc(Cl)ccc2n34
mol_250,"1,2-Benzenediol",-1.635,1,110.112,2,1,0,40.46,0.62,Oc1ccccc1O
mol_251,Reverse Transcriptase inhibitor 1,-2.794,1,254.293,0,3,1,49.33,-2.62,CCN2c1ncccc1N(C)C(=O)c3cccnc23 
mol_252,Dimethyl sulfide,-0.758,1,62.137,0,0,0,0,-0.45,CSC
mol_253,2-Bromotoluene,-3.667,1,171.037,0,1,0,0,-2.23,Cc1ccccc1Br
mol_254,O-Ethyl carbamate,-0.218,1,89.094,1,0,1,52.32,0.85,CCOC(=O)N
mol_255,megestrol acetate,-4.417,1,384.516,0,4,2,60.44,-5.35,CC(=O)OC3(CCC4C2C=C(C)C1=CC(=O)CCC1(C)C2CCC34C)C(C)=O 
mol_256,"2,4-Dimethyl-3-pentanol",-1.647,1,116.204,1,0,2,20.23,-1.22,CC(C)C(O)C(C)C
mol_257,Napthalene,-3.468,2,128.174,0,2,0,0,-3.6,c1ccc2ccccc2c1
mol_258,N-Ethylaniline,-2.389,1,121.183,1,1,2,12.03,-1.7,CCNc1ccccc1
mol_259,Phenytoin,-3.057,1,252.273,2,3,2,58.2,-4.097,O=C1NC(=O)C(N1)(c2ccccc2)c3ccccc3
mol_260,"7,12-Dimethylbenz(a)anthracene",-6.297,1,256.348,0,4,0,0,-7.02,Cc1c2ccccc2c(C)c3ccc4ccccc4c13
mol_261,Dialifor,-5.026,1,393.854,0,2,8,55.84,-6.34,CCOP(=S)(OCC)SC(CCl)N1C(=O)c2ccccc2C1=O
mol_262,Methoxychlor,-5.538,1,345.653,0,2,4,18.46,-6.89,COc1ccc(cc1)C(c2ccc(OC)cc2)C(Cl)(Cl)Cl
mol_263,TEFLUBENZURON,-5.462,1,381.112,2,2,2,58.2,-7.28,Fc1cccc(F)c1C(=O)NC(=O)Nc2cc(Cl)c(F)c(Cl)c2F 
mol_264,3-Pentanoyloxymethylphenytoin,-3.81,1,366.417,1,3,7,75.71,-4.678,O=C1N(COC(=O)CCCC)C(=O)C(N1)(c2ccccc2)c3ccccc3
mol_265,Monuron,-2.671,1,198.653,1,1,1,32.34,-2.89,CN(C)C(=O)Nc1ccc(Cl)cc1
mol_266,Flutriafol,-3.569,1,301.296,1,3,4,50.94,-3.37,OC(Cn1cncn1)(c2ccc(F)cc2)c3ccccc3F
mol_267,triamcinolone diacetate,-3.876,1,478.513,2,4,4,127.2,-4.13,CC(=O)OCC(=O)C3(O)C(CC4C2CCC1=CC(=O)C=CC1(C)C2(F)C(O)CC34C)OC(C)=O 
mol_268,1-Bromobutane,-2.303,1,137.02,0,0,2,0,-2.37,CCCCBr
mol_269,"1,2,4,5-Tetrabromobenzene",-6.001,1,393.698,0,1,0,0,-6.98,Brc1cc(Br)c(Br)cc1Br
mol_270,4-Methyl-2-pentanone,-1.184,1,100.161,0,0,2,17.07,-0.74,CC(C)CC(=O)C
mol_271,cycloate,-3.35,1,215.362,0,1,3,20.31,-3.4,CCSC(=O)N(CC)C1CCCCC1 
mol_272,4-Chloroanisole,-3.057,1,142.585,0,1,1,9.23,-2.78,COc1ccc(Cl)cc1
mol_273,Deltamethrin,-7.44,1,505.206,0,3,6,59.32,-8.402,CC1(C)C(C=C(Br)Br)C1C(=O)OC(C#N)c2cccc(Oc3ccccc3)c2
mol_274,Talbutal,-2.06,1,224.26,2,1,4,75.27,-2.016,CCC(C)C1(CC=C)C(=O)NC(=O)NC1=O
mol_275,Fenitrothion,-3.845,1,277.238,0,1,5,70.83,-4.04,COP(=S)(OC)Oc1ccc(N(=O)=O)c(C)c1
mol_276,1-Iodonapthalene,-4.889,1,254.07,0,2,0,0,-4.55,Ic1cccc2ccccc12
mol_277,Sorbitol,0.647,1,182.172,6,0,5,121.38,1.09,OCC(O)C(O)C(O)C(O)CO
mol_278,Ethanethiol,-0.968,1,62.137,1,0,0,0,-0.6,CCS
mol_279,"1,1,2-Trichloroethane",-1.961,1,133.405,0,0,1,0,-1.48,ClCC(Cl)Cl
mol_280,Pyrolan,-3.141,1,245.282,0,2,2,47.36,-2.09,CN(C)C(=O)Oc1cc(C)nn1c2ccccc2
mol_281,o-Hydroxybenzamide,-1.942,1,137.138,2,1,1,63.32,-1.82,NC(=O)c1ccccc1O
mol_282,o-Nitrotoluene,-2.589,1,137.138,0,1,1,43.14,-2.33,Cc1ccccc1N(=O)=O
mol_283,"5,5-Diisopropylbarbital",-1.942,1,212.249,2,1,2,75.27,-2.766,O=C1NC(=O)NC(=O)C1(C(C)C)C(C)C
mol_284,2-Ethyltoluene,-3.296,1,120.195,0,1,1,0,-3.21,CCc1ccccc1C
mol_285,1-Chloroheptane,-3.003,1,134.65,0,0,5,0,-4,CCCCCCCCl
mol_286,Barbital,-1.265,1,184.195,2,1,2,75.27,-2.4,O=C1NC(=O)NC(=O)C1(CC)CC
mol_287,Bibenzyl ,-4.301,2,182.266,0,2,3,0,-4.62,C(Cc1ccccc1)c2ccccc2
mol_288,"1,1,2,2-Tetrachloroethane",-2.549,1,167.85,0,0,1,0,-1.74,ClC(Cl)C(Cl)Cl
mol_289,RTI 23,-4.228,1,283.331,1,3,2,54.46,-5.153,CCN2c1cc(OC)cc(C)c1NC(=O)c3cccnc23 
mol_290,2-Methylphenanthrene,-4.87,1,192.261,0,3,0,0,-5.84,Cc1ccc2c(ccc3ccccc32)c1
mol_291,dibutylphthalate,-4.378,1,278.348,0,1,8,52.6,-4.4,CCCCOC(=O)c1ccccc1C(=O)OCCCC 
mol_292,tetrachloroguaiacol,-4.299,1,261.919,1,1,1,29.46,-4.02,COc1c(O)c(Cl)c(Cl)c(Cl)c1Cl 
mol_293,Dimecron,-2.426,1,299.691,0,0,8,65.07,0.523,CCN(CC)C(=O)C(=CCOP(=O)(OC)OC)Cl
mol_294,Equilin,-3.555,1,268.356,1,4,0,37.3,-5.282,CC34CCC1C(=CCc2cc(O)ccc12)C3CCC4=O
mol_295,Chlorimuron-ethyl (ph 7),-3.719,1,414.827,1,2,8,127.79,-4.576,CCOC(=O)c1ccccc1S(=O)(=O)NN(C=O)c2nc(Cl)cc(OC)n2
mol_296,p-Nitroanisole,-2.522,1,153.137,0,1,2,52.37,-2.41,COc1ccc(cc1)N(=O)=O
mol_297,1-Chlorohexane,-2.648,1,120.623,0,0,4,0,-3.12,CCCCCCCl
mol_298,"2,2',3,3',4,4',5,5'-PCB",-8.468,1,429.772,0,2,1,0,-9.16,Clc1cc(c(Cl)c(Cl)c1Cl)c2cc(Cl)c(Cl)c(Cl)c2Cl
mol_299,Raffinose,0.496,1,504.438,11,3,8,268.68,-0.41,OCC1OC(CO)(OC2OC(COC3OC(CO)C(O)C(O)C3O)C(O)C(O)C2O)C(O)C1O
mol_300,hexacosane,-9.702,1,366.718,0,0,23,0,-8.334,CCCCCCCCCCCCCCCCCCCCCCCCCC
mol_301,RTI 5,-3.471,1,253.305,0,3,1,36.44,-3.324,CCN2c1ccccc1N(C)C(=O)c3cccnc23 
mol_302,"1,1-Dichloroethane",-1.576,1,98.96,0,0,0,0,-1.29,CC(Cl)Cl
mol_303,Sulfanilamide,-0.954,1,172.209,2,1,1,86.18,-1.34,Nc1ccc(cc1)S(N)(=O)=O
mol_304,Isopropalin,-5.306,1,309.366,0,1,8,89.52,-6.49,CCCN(CCC)c1c(cc(cc1N(=O)=O)C(C)C)N(=O)=O
mol_305,Lindane,-4.009,1,290.832,0,1,0,0,-4.64,ClC1C(Cl)C(Cl)C(Cl)C(Cl)C1Cl
mol_306,Isofenphos,-4.538,1,345.401,1,1,8,56.79,-4.194,CCOP(=S)(NC(C)C)Oc1ccccc1C(=O)OC(C)C
mol_307,"1,2,3-Trichlorobenzene",-4.008,1,181.449,0,1,0,0,-4,Clc1cccc(Cl)c1Cl
mol_308,Tetrachloromethane,-2.607,1,153.823,0,0,0,0,-2.31,ClC(Cl)(Cl)Cl
mol_309,"3,4-Dichloronitrobenzene",-3.448,1,192.001,0,1,1,43.14,-3.2,O=N(=O)c1cc(Cl)c(Cl)cc1
mol_310,Cyclooctanol,-2.14,1,128.215,1,1,0,20.23,-1.29,OC1CCCCCCC1
mol_311,17a-Methyltestosterone,-4.073,1,302.458,1,4,0,37.3,-3.999,CC1(O)CCC2C3CCC4=CC(=O)CCC4(C)C3CCC21C
mol_312,Dulcin,-2.167,1,180.207,2,1,3,64.35,-2.17,CCOc1ccc(NC(N)=O)cc1
mol_313,"trans-1,4-Dimethylcyclohexane",-3.305,1,112.216,0,1,0,0,-4.47,C/C1CCC(\C)CC1
mol_314,"1,7-phenantroline",-2.994,2,180.21,0,3,0,25.78,-2.68,c1cnc2c(c1)ccc3ncccc23
mol_315,Methyl t-butyl ether ,-0.984,1,88.15,0,0,0,9.23,-0.24,COC(C)(C)C
mol_316,Anethole,-3.254,1,148.205,0,1,2,9.23,-3.13,COc1ccc(C=CC)cc1
mol_317,1-Hexadecanol,-4.94,1,242.447,1,0,14,20.23,-7,CCCCCCCCCCCCCCCCO
mol_318,uracil,-0.441,1,112.088,2,1,0,65.72,-1.488,O=c1cc[nH]c(=O)[nH]1 
mol_319,adenine,-1.255,1,135.13,2,2,0,80.48,-2.12,Nc1ncnc2nc[nH]c12 
mol_320,"2,2',3,4,5-PCB",-6.709,1,326.437,0,2,1,0,-7.21,Clc1cc(Cl)c(cc1Cl)c2cccc(Cl)c2Cl 
mol_321,Ancymidol,-2.181,1,256.305,1,3,4,55.24,-2.596,COc1ccc(cc1)C(O)(C2CC2)c3cncnc3 
mol_322,Benzo(b)fluoranthene,-6.007,2,252.316,0,5,0,0,-8.23,c1ccc2c(c1)c3cccc4c3c2cc5ccccc54
mol_323,Carbanilide,-3.611,1,212.252,2,2,2,41.13,-3.15,O=C(Nc1ccccc1)Nc2ccccc2
mol_324,phenobarbital,-2.272,1,232.239,2,2,2,75.27,-2.322,CCC1(C(=O)NC(=O)NC1=O)c2ccccc2 
mol_325,"2',3,4-PCB",-5.686,1,257.547,0,2,1,0,-6.29,Clc1ccc(cc1)c2cccc(Cl)c2Cl 
mol_326,Isoproturon,-2.867,1,206.289,1,1,2,32.34,-3.536,CC(C)c1ccc(NC(=O)N(C)C)cc1
mol_327,Azintamide,-2.231,1,259.762,0,1,5,46.09,-1.716,CCN(CC)C(=O)CSc1ccc(Cl)nn1
mol_328,"2,2-Dimethyl-1-butanol",-1.365,1,102.177,1,0,2,20.23,-1.04,CCC(C)(C)CO
mol_329,Ethyl pentanoate,-1.899,1,130.187,0,0,4,26.3,-1.75,CCCOC(=O)CCC
mol_330,"2,4,6-Trinitrotoluene",-2.606,1,227.132,0,1,3,129.42,-3.22,Cc1c(cc(cc1N(=O)=O)N(=O)=O)N(=O)=O
mol_331,Bensulide,-4.99,1,397.524,1,1,10,64.63,-4.2,CC(C)OP(=S)(OC(C)C)SCCNS(=O)(=O)c1ccccc1
mol_332,Cycloheptane,-2.916,2,98.189,0,1,0,0,-3.51,C1CCCCCC1
mol_333,Propyl formate,-0.757,1,88.106,0,0,3,26.3,-0.49,CCCOC=O
mol_334,2-Isopropyltoluene,-3.585,1,134.222,0,1,1,0,-3.76,CC(C)c1ccccc1C
mol_335,m-Chloroaniline,-2.392,1,127.574,1,1,0,26.02,-1.37,Nc1cccc(Cl)c1
mol_336,"2,4-Dimethylpentane",-2.938,1,100.205,0,0,2,0,-4.26,CC(C)CC(C)C
mol_337,Dibenzofurane,-4.201,2,168.195,0,3,0,13.14,-4.6,o1c2ccccc2c3ccccc13
mol_338,ethofumesate,-3.184,1,286.349,0,2,4,61.83,-3.42,CCOC2Oc1ccc(OS(C)(=O)=O)cc1C2(C)C
mol_339,Fluometuron,-3.065,1,232.205,1,1,1,32.34,-3.43,CN(C)C(=O)Nc1cccc(c1)C(F)(F)F
mol_340,Acridine,-3.846,2,179.222,0,3,0,12.89,-3.67,c3ccc2nc1ccccc1cc2c3
mol_341,Cortisone,-2.893,1,360.45,2,4,2,91.67,-3.11,CC12CC(=O)C3C(CCC4=CC(=O)CCC34C)C2CCC1(O)C(=O)CO
mol_342,glucose,0.501,1,180.156,5,1,1,110.38,0.74,OCC1OC(O)C(O)C(O)C1O
mol_343,3-Methylphenol,-2.313,1,108.14,1,1,0,20.23,-0.68,Cc1cccc(O)c1
mol_344,Indapamide,-4.345,1,365.842,2,3,3,92.5,-3.586,CC2Cc1ccccc1N2NC(=O)c3ccc(Cl)c(c3)S(N)(=O)=O 
mol_345,Lovastatin,-4.731,1,404.547,1,3,6,72.83,-6.005,CCC(C)C(=O)OC2CC(C)C=C3C=CC(C)C(CCC1CC(O)CC(=O)O1)C23 
mol_346,"1,4-Dinitrobenzene",-2.281,1,168.108,0,1,2,86.28,-3.39,O=N(=O)c1ccc(cc1)N(=O)=O
mol_347,Reposal,-2.781,1,262.309,2,3,2,75.27,-2.696,CCC1(C(=O)NC(=O)NC1=O)C2=CCC3CCC2C3
mol_348,Ethyl decanoate,-3.671,1,200.322,0,0,9,26.3,-4.1,CCCCCCCCCC(=O)OCC
mol_349,Fenuron,-1.847,1,164.208,1,1,1,32.34,-1.6,CN(C)C(=O)Nc1ccccc1
mol_350,Ethyl propyl ether,-1.072,1,88.15,0,0,3,9.23,-0.66,CCCOCC
mol_351,2-Propanol,-0.261,1,60.096,1,0,0,20.23,0.43,CC(C)O
mol_352,2-Methylnapthalene,-3.802,1,142.201,0,2,0,0,-3.77,Cc1ccc2ccccc2c1
mol_353,Chlorodibromethane,-2.54,1,208.28,0,0,0,0,-1.9,ClC(Br)Br
mol_354,Hexestrol,-4.854,1,270.372,2,2,5,40.46,-4.43,CCC(C(CC)c1ccc(O)cc1)c2ccc(O)cc2
mol_355,Malathion,-3.391,1,330.364,0,0,9,71.06,-3.37,CCOC(=O)CC(SP(=S)(OC)OC)C(=O)OCC
mol_356,Benzylchloride,-2.887,1,126.586,0,1,1,0,-2.39,ClCc1ccccc1
mol_357,t-Crotonaldehyde,-0.604,1,70.091,0,0,1,17.07,0.32,C/C=C/C=O
mol_358,Chlorbromuron,-3.938,1,293.548,1,1,2,41.57,-3.924,CON(C)C(=O)Nc1ccc(Br)c(Cl)c1
mol_359,"9,10-Dimethylanthracene",-5.228,1,206.288,0,3,0,0,-6.57,Cc1c2ccccc2c(C)c3ccccc13
mol_360,Methyl hexanoate,-1.899,1,130.187,0,0,4,26.3,-1.87,CCCCCC(=O)OC
mol_361,Dimefuron,-3.831,1,338.795,1,2,2,80.37,-4.328,CN(C)C(=O)Nc1ccc(c(Cl)c1)n2nc(oc2=O)C(C)(C)C
mol_362,p-Fluoroacetanilide,-2.181,1,153.156,1,1,1,29.1,-1.78,CC(=O)Nc1ccc(F)cc1
mol_363,alachlor,-3.319,1,269.772,0,1,6,29.54,-3.26,CCc1cccc(CC)c1N(COC)C(=O)CCl 
mol_364,Cyclohexene,-2.16,2,82.146,0,1,0,0,-2.59,C1CCC=CC1
mol_365,Hydrocortisone ,-3.159,1,362.466,3,4,2,94.83,-3.09,CC12CC(O)C3C(CCC4=CC(=O)CCC34C)C2CCC1(O)C(=O)CO
mol_366,Pyrimidine,-0.884,2,80.09,0,1,0,25.78,1.1,c1cncnc1
mol_367,p-Chloronitrobenzene,-2.901,1,157.556,0,1,1,43.14,-2.92,Clc1ccc(cc1)N(=O)=O
mol_368,Methyl propionate,-0.836,1,88.106,0,0,1,26.3,-0.14,CCC(=O)OC
mol_369,o-Chloronitrobenzene,-2.775,1,157.556,0,1,1,43.14,-2.55,Clc1ccccc1N(=O)=O
mol_370,Neburon,-4.157,1,275.179,1,1,4,32.34,-4.77,CCCCN(C)C(=O)Nc1ccc(Cl)c(Cl)c1
mol_371,Buthidazole,-2.398,1,256.331,1,2,1,69.56,-1.877,CN1CC(O)N(C1=O)c2nnc(s2)C(C)(C)C
mol_372,Nitrobenzene,-2.288,1,123.111,0,1,1,43.14,-1.8,O=N(=O)c1ccccc1
mol_373,Iodobenzene,-3.8,1,204.01,0,1,0,0,-3.01,Ic1ccccc1
mol_374,Metolazone,-3.777,1,365.842,2,3,2,92.5,-3.78,CC2Nc1cc(Cl)c(cc1C(=O)N2c3ccccc3C)S(N)(=O)=O 
mol_375,Methocarbamol,-1.428,1,241.243,2,1,6,91.01,-0.985,COc1ccccc1OCC(O)COC(N)=O
mol_376,butachlor,-4.347,1,311.853,0,1,9,29.54,-4.19,CCCCOCN(C(=O)CCl)c1c(CC)cccc1CC 
mol_377,"2,3-Dichlorophenol",-3.144,1,163.003,1,1,0,20.23,-1.3,Oc1cccc(Cl)c1Cl
mol_378,Propyl butyrate,-1.191,1,102.133,0,0,2,26.3,-1.92,CCCC(=O)OC
mol_379,Propanil,-3.644,1,218.083,1,1,2,29.1,-3,CCC(=O)Nc1ccc(Cl)c(Cl)c1
mol_380,Triamterene,-3.051,1,253.269,3,3,1,129.62,-2.404,Nc3nc(N)c2nc(c1ccccc1)c(N)nc2n3
mol_381,Ethyl hexanoate,-2.254,1,144.214,0,0,5,26.3,-2.35,CCCCCC(=O)OCC
mol_382,chloralose,-1.887,1,309.529,3,2,2,88.38,-1.84,OCC(O)C2OC1OC(OC1C2O)C(Cl)(Cl)Cl 
mol_383,Amitraz,-5.533,1,293.414,0,2,4,27.96,-5.47,CN(C=Nc1ccc(C)cc1C)C=Nc2ccc(C)cc2C
mol_384,Prometon,-3.448,1,225.296,2,1,5,71.96,-2.478,COc1nc(NC(C)C)nc(NC(C)C)n1
mol_385,1-Octene ,-3.073,1,112.216,0,0,5,0,-4.44,CCCCCCC=C
mol_386,p-Methylaniline ,-1.954,1,107.156,1,1,0,26.02,-1.21,Cc1ccc(N)cc1
mol_387,aminothiazole,-1.226,1,100.146,1,1,0,38.91,-0.36,Nc1nccs1 
mol_388,Metolcarb,-1.947,1,151.165,1,1,1,38.33,-1.803,c1ccccc1(OC(=O)NC)
mol_389,3-Hexanol,-1.324,1,102.177,1,0,3,20.23,-0.8,CCCC(O)CC
mol_390,9-anthrol,-4.148,1,194.233,1,3,0,20.23,-4.73,c3ccc2c(O)c1ccccc1cc2c3 
mol_391,2-Methylanthracene,-4.87,1,192.261,0,3,0,0,-6.96,Cc1ccc2cc3ccccc3cc2c1
mol_392,"1,2,3-Trimethylbenzene ",-3.312,1,120.195,0,1,0,0,-3.2,Cc1cccc(C)c1C
mol_393,Aminocarb,-2.677,1,208.261,1,1,2,41.57,-2.36,CNC(=O)Oc1ccc(N(C)C)c(C)c1
mol_394,2-Nonanol,-2.387,1,144.258,1,0,6,20.23,-2.74,CCCCCCCC(C)O
mol_395,Methyldymron,-3.863,1,268.36,1,2,3,32.34,-3.35,CN(C(=O)NC(C)(C)c1ccccc1)c2ccccc2
mol_396,3-Hexanone,-1.266,1,100.161,0,0,3,17.07,-0.83,CCCC(=O)CC
mol_397,bromoxynil,-3.793,1,276.915,1,1,0,44.02,-3.33,Oc1c(Br)cc(C#N)cc1Br 
mol_398,"3,4-PCB",-5.223,1,223.102,0,2,1,0,-6.39,Clc1ccc(cc1Cl)c2ccccc2 
mol_399,Mefenacet,-4.504,1,298.367,0,3,4,42.43,-4.873,CN(C(=O)COc1nc2ccccc2s1)c3ccccc3
mol_400,5-hydroxyquinoline,-2.725,1,145.161,1,2,0,33.12,-2.54,Oc1cccc2ncccc12 
mol_401,Carboxin,-2.927,1,235.308,1,2,2,38.33,-3.14,CC1=C(SCCO1)C(=O)Nc2ccccc2
mol_402,Ethoxyzolamide,-3.085,1,258.324,1,2,3,82.28,-3.81,CCOc2ccc1nc(sc1c2)S(N)(=O)=O 
mol_403,Pentachlorophenol,-4.835,1,266.338,1,1,0,20.23,-4.28,Oc1c(Cl)c(Cl)c(Cl)c(Cl)c1Cl
mol_404,Bromochloromethane,-1.519,1,129.384,0,0,0,0,-0.89,ClCBr
mol_405,metharbital,-1.658,1,198.222,1,1,2,66.48,-2.23,CCC1(CC)C(=O)NC(=O)N(C)C1=O 
mol_406,deoxycorticosterone acetate,-4.472,1,372.505,0,4,3,60.44,-4.63,CC(=O)OCC(=O)C3CCC4C2CCC1=CC(=O)CCC1(C)C2CCC34C 
mol_407,benzylurea,-1.509,1,150.181,2,1,2,55.12,-0.95,NC(=O)NCc1ccccc1 
mol_408,Chlortoluron,-3.048,1,212.68,1,1,1,32.34,-3.483,CN(C)C(=O)Nc1ccc(C)c(Cl)c1
mol_409,Linuron,-3.581,1,249.097,1,1,2,41.57,-3.592,CON(C)C(=O)Nc1ccc(Cl)c(Cl)c1
mol_410,Cycloheptanol,-1.7,1,114.188,1,1,0,20.23,-0.88,OC1CCCCCC1
mol_411,Thiamphenicol,-1.936,1,356.227,3,1,6,103.7,-2.154,CS(=O)(=O)c1ccc(cc1)C(O)C(CO)NC(=O)C(Cl)Cl 
mol_412,thiopental,-2.96,1,242.344,2,1,4,58.2,-3.36,CCCC(C)C1(CC)C(=O)NC(=S)NC1=O 
mol_413,acetazolamide,-0.793,1,222.251,2,1,2,115.04,-2.36,CC(=O)Nc1nnc(s1)S(N)(=O)=O 
mol_414,p-Nitrophenol,-2.318,1,139.11,1,1,1,63.37,-0.74,Oc1ccc(cc1)N(=O)=O
mol_415,Aldrin,-5.511,1,364.914,0,4,0,0,-6.307,ClC1=C(Cl)C2(Cl)C3C4CC(C=C4)C3C1(Cl)C2(Cl)Cl
mol_416,Tetrahydrofurane ,-0.62,2,72.107,0,1,0,9.23,0.49,C1CCOC1
mol_417,o-Nitroaniline,-2.277,1,138.126,1,1,1,69.16,-1.96,Nc1ccccc1N(=O)=O
mol_418,"2,2',3,3'-PCB",-6.079,1,291.992,0,2,1,0,-7.28,Clc1cccc(c1Cl)c2cccc(Cl)c2Cl
mol_419,phenylbutazone,-4.076,1,308.381,0,3,5,40.62,-3.81,CCCCC1C(=O)N(N(C1=O)c2ccccc2)c3ccccc3 
mol_420,"2,6-Dinitrotoluene",-2.553,1,182.135,0,1,2,86.28,-3,Cc1c(cccc1N(=O)=O)N(=O)=O
mol_421,Progesterone,-4.17,1,314.469,0,4,1,34.14,-4.42,CC(=O)C1CCC2C3CCC4=CC(=O)CCC4(C)C3CCC12C
mol_422,Chlorazine,-3.663,1,257.769,0,1,6,45.15,-4.411,CCN(CC)c1nc(Cl)nc(n1)N(CC)CC
mol_423,captafol,-4.365,1,349.066,0,2,3,37.38,-5.4,ClC(Cl)C(Cl)(Cl)SN2C(=O)C1CC=CCC1C2=O 
mol_424,"1,2,4-tribromobenzene",-5.144,1,314.802,0,1,0,0,-4.5,c1(Br)c(Br)cc(Br)cc1
mol_425,Oxazepam,-3.517,1,286.718,2,3,1,61.69,-3.952,OC3N=C(c1ccccc1)c2cc(Cl)ccc2NC3=O 
mol_426,Secobarbital,-2.415,1,238.287,2,1,5,75.27,-2.356,O=C1NC(=O)NC(=O)C1(C(C)CCC)CC=C
mol_427,Carvacrol,-3.224,1,150.221,1,1,1,20.23,-2.08,c1(O)c(C)ccc(C(C)C)c1
mol_428,rhodanine,-0.396,1,133.197,1,1,0,29.1,-1.77,C1SC(=S)NC1(=O)
mol_429,Morin,-2.731,1,302.238,5,3,1,131.36,-3.083,Oc1ccc(c(O)c1)c3oc2cc(O)cc(O)c2c(=O)c3O 
mol_430,Kepone,-5.112,1,490.639,0,6,0,17.07,-5.259,ClC1(C(=O)C2(Cl)C3(Cl)C14Cl)C5(Cl)C2(Cl)C3(Cl)C(Cl)(Cl)C45Cl
mol_431,Disulfiram,-3.862,1,296.552,0,0,4,6.48,-4.86,CCN(CC)C(=S)SSC(=S)N(CC)CC
mol_432,Cyclohexane,-2.477,2,84.162,0,1,0,0,-3.1,C1CCCCC1
mol_433,Dienochlor,-7.848,1,474.64,0,2,1,0,-7.278,ClC1=C(Cl)C(Cl)(C(=C1Cl)Cl)C2(Cl)C(=C(Cl)C(=C2Cl)Cl)Cl
mol_434,chlordimeform,-3.164,1,196.681,0,1,2,15.6,-2.86,CN(C)C=Nc1ccc(Cl)cc1C
mol_435,Equilenin,-3.927,1,266.34,1,4,0,37.3,-5.24,CC34CCc1c(ccc2cc(O)ccc12)C3CCC4=O
mol_436,1-Octanol,-2.105,1,130.231,1,0,6,20.23,-2.39,CCCCCCCCO
mol_437,Diethyl sulfide,-1.598,1,90.191,0,0,2,0,-1.34,CCSCC
mol_438,"1,2-Dichloroethane",-1.374,1,98.96,0,0,1,0,-1.06,ClCCCl
mol_439,2-Chloro-2-methylbutane,-2.278,1,106.596,0,0,1,0,-2.51,CCC(C)(C)Cl
mol_440,1-Chloro-2-bromoethane,-1.738,1,143.411,0,0,1,0,-1.32,ClCCBr
mol_441,p-Nitroaniline,-1.936,1,138.126,1,1,1,69.16,-2.37,Nc1ccc(cc1)N(=O)=O
mol_442,Lactose,1.071,1,342.297,8,2,4,189.53,-0.244,OCC1OC(OC2C(O)C(O)C(O)OC2CO)C(O)C(O)C1O
mol_443,RTI 2,-3.125,1,268.32,0,3,2,49.33,-2.86,CCN2c1ncccc1N(CC)C(=O)c3cccnc23 
mol_444,Chlorobenzene,-2.975,1,112.559,0,1,0,0,-2.38,Clc1ccccc1
mol_445,1-Nonene ,-3.427,1,126.243,0,0,6,0,-5.05,CCCCCCCC=C
mol_446,p-Bromoiodobenzene,-4.754,1,282.906,0,1,0,0,-4.56,Brc1ccc(I)cc1
mol_447,3-Methyl-3-pentanol,-1.308,1,102.177,1,0,2,20.23,-0.36,CCC(C)(O)CC
mol_448,Pentylbenzene,-3.899,1,148.249,0,1,4,0,-4.64,CCCCCc1ccccc1
mol_449,allantoin,0.652,1,158.117,4,1,1,113.32,-1.6,NC(=O)NC1NC(=O)NC1=O 
mol_450,Glafenine,-5.052,1,372.808,3,3,6,91.68,-4.571,OCC(O)COC(=O)c1ccccc1Nc2ccnc3cc(Cl)ccc23
mol_451,DDD,-6.008,1,320.046,0,2,3,0,-7.2,ClC(Cl)C(c1ccc(Cl)cc1)c2ccc(Cl)cc2
mol_452,testosterone acetate,-4.449,1,330.468,0,4,1,43.37,-5.184,CC(=O)OC3CCC4C2CCC1=CC(=O)CCC1(C)C2CCC34C 
mol_453,1-Chloronapthalene,-4.063,1,162.619,0,2,0,0,-3.93,Clc1cccc2ccccc12
mol_454,RTI 19,-4.007,1,252.317,0,3,1,23.55,-4.749,CCN2c1ccccc1N(C)C(=O)c3ccccc23 
mol_455,2-Hexanol,-1.324,1,102.177,1,0,3,20.23,-0.89,CCCCC(C)O
mol_456,Propylcyclopentane,-3.16,1,112.216,0,1,2,0,-4.74,CCCC1CCCC1
mol_457,Etomidate,-3.359,1,244.294,0,2,4,44.12,-4.735,CCOC(=O)c1cncn1C(C)c2ccccc2
mol_458,"3,4-Dichlorophenol",-3.352,1,163.003,1,1,0,20.23,-1.25,Oc1ccc(Cl)c(Cl)c1
mol_459,Cypermethrin,-6.775,1,416.304,0,3,6,59.32,-8.017,CC1(C)C(C=C(Cl)Cl)C1C(=O)OC(C#N)c2cccc(Oc3ccccc3)c2
mol_460,Benzoxazole,-2.214,2,119.123,0,2,0,26.03,-1.16,c2ccc1ocnc1c2
mol_461,1-Pentanol,-1.042,1,88.15,1,0,3,20.23,-0.6,CCCCCO
mol_462,"N,N-Diethylaniline",-3.16,1,149.237,0,1,3,3.24,-3.03,CCN(CC)c1ccccc1
mol_463,"1,3-Difluorobenzene",-2.636,1,114.094,0,1,0,0,-2,Fc1cccc(F)c1
mol_464,3-chloropropionitrile,-0.522,1,89.525,0,0,1,23.79,-0.29,ClCCC#N 
mol_465,t-Pentylbenzene,-3.867,1,148.249,0,1,1,0,-4.15,CC(C)(C)Cc1ccccc1
mol_466,5-Ethyl-5-phenylbarbital,-2.272,1,232.239,2,2,2,75.27,-2.322,O=C1NC(=O)NC(=O)C1(CC)c1ccccc1
mol_467,o-Chloroiodobenzene,-4.384,1,238.455,0,1,0,0,-3.54,Clc1ccccc1I
mol_468,Benzotriazole,-2.21,2,119.127,1,2,0,41.57,-0.78,c2ccc1[nH]nnc1c2
mol_469,Carbofuran,-3.05,1,221.256,1,2,1,47.56,-2.8,CNC(=O)Oc1cccc2CC(C)(C)Oc12
mol_470,"2,6-Dimethylphenol",-2.589,1,122.167,1,1,0,20.23,-1.29,Cc1cccc(C)c1O
mol_471,3-Methyl-2-butanol,-0.954,1,88.15,1,0,1,20.23,-0.18,CC(C)C(C)O
mol_472,benzhydrol,-3.033,1,184.238,1,2,2,20.23,-2.55,c1ccccc1C(O)c2ccccc2
mol_473,Methyl decanoate,-3.316,1,186.295,0,0,8,26.3,-4.69,CCCCCCCCCC(=O)OC
mol_474,Dicapthon,-4.188,1,297.656,0,1,5,70.83,-4.31,COP(=S)(OC)Oc1ccc(cc1Cl)N(=O)=O
mol_475,1-Bromo-2-methylpropane,-2.288,1,137.02,0,0,1,0,-2.43,CC(C)CBr
mol_476,Iodoethane,-2.066,1,155.966,0,0,0,0,-1.6,CCI
mol_477,Pirimicarb,-2.34,1,238.291,0,1,2,58.56,-1.95,CN(C)C(=O)Oc1nc(nc(C)c1C)N(C)C
mol_478,1-Bromohexane,-3.012,1,165.074,0,0,4,0,-3.81,CCCCCCBr
mol_479,2-Methylpentane,-2.6,1,86.178,0,0,2,0,-3.74,CCCC(C)C
mol_480,Tetrafluthrin,-6.339,1,418.736,0,2,4,26.3,-7.321,Cc1c(F)c(F)c(COC(=O)C2C(C=C(Cl)C(F)(F)F)C2(C)C)c(F)c1F
mol_481,Metolachlor,-3.431,1,283.799,0,1,6,29.54,-2.73,CCc1cccc(C)c1N(C(C)COC)C(=O)CCl 
mol_482,nifuroxime,-1.843,1,156.097,1,1,2,88.87,-2.19,ON=Cc1ccc(o1)N(=O)=O 
mol_483,Fluvalinate,-8.057,1,502.92,1,3,8,71.35,-8.003,CC(C)C(Nc1ccc(cc1Cl)C(F)(F)F)C(=O)OC(C#N)c2cccc(Oc3ccccc3)c2
mol_484,Amitrole,-0.674,1,84.082,2,1,0,67.59,0.522,Nc1nc[nH]n1
mol_485,Tribromomethane,-2.904,1,252.731,0,0,0,0,-1.91,BrC(Br)Br
mol_486,Trichlorfon,-1.866,1,257.437,1,0,3,55.76,-0.22,COP(=O)(OC)C(O)C(Cl)(Cl)Cl
mol_487,Phosalone,-5.024,1,367.816,0,2,7,53.6,-5.233,CCOP(=S)(OCC)SCn1c(=O)oc2cc(Cl)ccc12
mol_488,Phenylmethanol,-1.699,1,108.14,1,1,1,20.23,-0.4,OCc1ccccc1
mol_489,Coumatetralyl,-5.194,1,292.334,1,4,1,50.44,-2.84,O=c2c(C3CCCc4ccccc43)c(O)c1ccccc1o2 
mol_490,4-Bromophenol,-3.132,1,173.009,1,1,0,20.23,-1.09,Oc1ccc(Br)cc1
mol_491,2-Bromopropane,-1.949,1,122.993,0,0,0,0,-1.59,CC(C)Br
mol_492,"2,2,4-Trimethylpentane",-3.276,1,114.232,0,0,1,0,-4.74,CC(C)CC(C)(C)C
mol_493,"1,3,5-Trinitrobenzene",-2.324,1,213.105,0,1,3,129.42,-2.89,O=N(=O)c1cc(cc(c1)N(=O)=O)N(=O)=O
mol_494,Nimetazepam,-3.557,1,295.298,0,3,2,75.81,-3.796,CN2C(=O)CN=C(c1ccccc1)c3cc(ccc23)N(=O)=O
mol_495,Propane,-1.553,1,44.097,0,0,0,0,-1.94,CCC
mol_496,Minoxidil,-1.809,1,209.253,2,2,1,95.11,-1.989,Nc1cc(nc(N)n1=O)N2CCCCC2 
mol_497,1-aminoacridine,-3.542,1,194.237,1,3,0,38.91,-4.22,Nc2cccc3nc1ccccc1cc23 
mol_498,Benzo(k)fluoranthene,-6.007,2,252.316,0,5,0,0,-8.49,c1ccc2cc3c4cccc5cccc(c3cc2c1)c45
mol_499,Dicofol,-6.268,1,370.49,1,2,2,20.23,-5.666,OC(c1ccc(Cl)cc1)(c2ccc(Cl)cc2)C(Cl)(Cl)Cl
mol_500,Acenapthene,-3.792,2,154.212,0,3,0,0,-4.63,C1Cc2cccc3cccc1c23
mol_501,Dialifos,-5.026,1,393.854,0,2,8,55.84,-6.34,CCOP(=S)(OCC)SC(CCl)N2C(=O)c1ccccc1C2=O
mol_502,"1,4-Dibromobenzene",-4.298,1,235.906,0,1,0,0,-4.07,Brc1ccc(Br)cc1
mol_503,Methazole,-3.601,1,261.064,0,2,1,57.14,-2.82,Cn2c(=O)on(c1ccc(Cl)c(Cl)c1)c2=O
mol_504,p-Phenylphenol,-3.701,1,170.211,1,2,1,20.23,-3.48,Oc1ccc(cc1)c2ccccc2
mol_505,pyracarbolid,-2.83,1,217.268,1,2,2,38.33,-2.56,CC1=C(CCCO1)C(=O)Nc2ccccc2 
mol_506,Ethyl vinyl ether,-0.857,1,72.107,0,0,2,9.23,-0.85,CCOC=C
mol_507,1-Butyne,-1.092,1,54.092,0,0,0,0,-1.24,CCC#C
mol_508,4-methoxypteridine,-1.589,1,162.152,0,2,1,60.79,-1.11,COc1ncnc2nccnc12 
mol_509,3-Methyl-3-heptanol,-2.017,1,130.231,1,0,4,20.23,-1.6,CCCCC(C)(O)CC
mol_510,"1,4-Dichlorobenzene",-3.558,1,147.004,0,1,0,0,-3.27,Clc1ccc(Cl)cc1
mol_511,3-Ethanoyloxymethylphenytoin,-2.723,1,324.336,1,3,4,75.71,-4.47,O=C1N(COC(=O)C)C(=O)C(N1)(c2ccccc2)c3ccccc3
mol_512,"Sparsomycin (3,8mg/ml)",-1.57,1,361.445,4,1,8,132.12,-1.981,CSCS(=O)CC(CO)NC(=O)C=Cc1c(C)[nH]c(=O)[nH]c1=O
mol_513,3-methylindole,-2.981,1,131.178,1,2,0,15.79,-2.42,Cc1c[nH]c2ccccc12 
mol_514,2-methoxypteridine,-1.589,1,162.152,0,2,1,60.79,-1.11,COc2ncc1nccnc1n2
mol_515,Dioxacarb,-1.614,1,223.228,1,2,2,56.79,-1.57,CNC(=O)Oc1ccccc1C2OCCO2
mol_516,isocarbamid,-1.508,1,185.227,2,1,2,61.44,-2.15,C1N(C(=O)NCC(C)C)C(=O)NC1
mol_517,Acetonitrile,0.152,1,41.053,0,0,0,23.79,0.26,CC#N
mol_518,Fenoxycarb,-4.662,1,301.342,1,2,7,56.79,-4.7,CCOC(=O)NCCOc2ccc(Oc1ccccc1)cc2
mol_519,acetyl sulfisoxazole,-2.024,1,293.348,1,2,3,89.43,-3.59,CC(=O)N(S(=O)c1ccc(N)cc1)c2onc(C)c2C 
mol_520,"1,1,1,2-Tetrachloroethane",-2.794,1,167.85,0,0,0,0,-2.18,ClCC(Cl)(Cl)Cl
mol_521,1-Butanol,-0.688,1,74.123,1,0,2,20.23,0,CCCCO
mol_522,Siduron,-3.779,1,232.327,2,2,2,41.13,-4.11,CC1CCCCC1NC(=O)Nc2ccccc2
mol_523,"1,3,5-Trichlorobenzene",-4.159,1,181.449,0,1,0,0,-4.48,Clc1cc(Cl)cc(Cl)c1
mol_524,Furfural,-1.391,1,96.085,0,1,1,30.21,-0.1,O=Cc1ccco1
mol_525,3-Methylbutan-1-ol,-1.027,1,88.15,1,0,2,20.23,-0.51,CC(C)CCO
mol_526,piperonal,-2.033,1,150.133,0,2,1,35.53,-1.63,O=Cc2ccc1OCOc1c2 
mol_527,2-Methylpropene,-1.573,1,56.108,0,0,0,0,-2.33,CC(=C)C
mol_528,Benzaldehyde,-1.999,1,106.124,0,1,1,17.07,-1.19,O=Cc1ccccc1
mol_529,"2,3-Dimethyl-1,3-Butadiene",-2.052,1,82.146,0,0,1,0,-2.4,CC(=C)C(=C)C
mol_530,Benfuracarb,-5.133,1,410.536,0,2,8,68.31,-4.71,CCOC(=O)CCN(SN(C)C(=O)Oc1cccc2CC(C)(C)Oc21)C(C)C
mol_531,RTI 10,-2.771,1,226.235,0,3,0,42.43,-3.672,O2c1ccccc1N(C)C(=O)c3cccnc23 
mol_532,Fluorene ,-4.125,2,166.223,0,3,0,0,-5,C1c2ccccc2c3ccccc13
mol_533,Methylcyclohexane ,-2.891,1,98.189,0,1,0,0,-3.85,CC1CCCCC1
mol_534,sulfaguanidine,-0.706,1,214.25,4,1,2,122.06,-1.99,NC(=N)NS(=O)(=O)c1ccc(N)cc1 
mol_535,Methylparaben,-2.441,1,152.149,1,1,1,46.53,-1.827,COC(=O)c1ccc(O)cc1
mol_536,2-Methyltetrahydrofurane,-1.034,1,86.134,0,1,0,9.23,0.11,CC1CCCO1
mol_537,Santonin,-2.43,1,246.306,0,3,0,43.37,-3.09,CC3C2CCC1(C)C=CC(=O)C(=C1C2OC3=O)C
mol_538,Salicin,-0.975,1,286.28,5,2,4,119.61,-0.85,OCC2OC(Oc1ccccc1CO)C(O)C(O)C2O
mol_539,1-Iodopropane,-2.486,1,169.993,0,0,1,0,-2.29,CCCI
mol_540,Ametryn,-3.43,1,227.337,2,1,5,62.73,-3.04,CCNc1nc(NC(C)C)nc(SC)n1
mol_541,1-Propanol,-0.334,1,60.096,1,0,1,20.23,0.62,CCCO
mol_542,Hydroxyprogesterone-17a,-3.876,1,330.468,1,4,1,54.37,-3.817,CC(=O)C1(O)CCC2C3CCC4=CC(=O)CCC4(C)C3CCC21C
mol_543,2-Pentanol,-0.97,1,88.15,1,0,2,20.23,-0.29,CCCC(C)O
mol_544,benzoin,-3.148,1,212.248,1,2,3,37.3,-2.85,OC(C(=O)c1ccccc1)c2ccccc2
mol_545,"2,4-Dimethylphenol",-2.621,1,122.167,1,1,0,20.23,-1.19,Cc1ccc(O)c(C)c1
mol_546,m-Chloronitrobenzene ,-2.901,1,157.556,0,1,1,43.14,-2.77,Clc1cccc(c1)N(=O)=O
mol_547,ampyrone,-1.192,1,203.245,1,2,1,52.95,-0.624,Cc2c(N)c(=O)n(c1ccccc1)n2C
mol_548,"2,2',4,5'-PCB",-6.23,1,291.992,0,2,1,0,-6.57,Clc1ccc(c(Cl)c1)c2cc(Cl)ccc2Cl 
mol_549,"Hexachloro-1,3-butadiene",-4.546,1,260.762,0,0,1,0,-4.92,ClC(=C(Cl)C(=C(Cl)Cl)Cl)Cl
mol_550,Terbutryn,-3.75,1,241.364,2,1,4,62.73,-4,CCNc1nc(NC(C)(C)C)nc(SC)n1
mol_551,3-Methyl-2-pentanol,-1.308,1,102.177,1,0,3,20.23,-0.71,CCC(C)CCO
mol_552,2-methylpteridine,-1.24,1,146.153,0,2,0,51.56,-0.12,Cc2ncc1nccnc1n2
mol_553,Danazol,-4.557,1,337.463,1,5,0,46.26,-5.507,CC23Cc1cnoc1C=C2CCC4C3CCC5(C)C4CCC5(O)C#C
mol_554,1-Iodobutane,-2.841,1,184.02,0,0,2,0,-2.96,CCCCI
mol_555,2-Bromonapthalene,-4.434,1,207.07,0,2,0,0,-4.4,Brc1ccc2ccccc2c1
mol_556,"Digoxin (L1=41,8mg/mL, L2=68,2mg/mL, Z=40,1mg/mL)",-5.312,1,780.949,6,8,7,203.06,-4.081,CC1OC(CC(O)C1O)OC2C(O)CC(OC2C)OC8C(O)CC(OC7CCC3(C)C(CCC4C3CC(O)C5(C)C(CCC45O)C6=CC(=O)OC6)C7)OC8C 
mol_557,Benzyltrifluoride,-3.099,1,146.111,0,1,0,0,-2.51,FC(F)(F)c1ccccc1
mol_558,Dihexyl phthalate,-5.758,1,334.456,0,1,12,52.6,-6.144,CCCCCCOC(=O)c1ccccc1C(=O)OCCCCCC
mol_559,Dibenzothiophene,-4.597,2,184.263,0,3,0,0,-4.38,c1ccc2c(c1)sc3ccccc23
mol_560,"2,3',4,4'-PCB",-6.709,1,326.437,0,2,1,0,-7.8,Clc1ccc(c(Cl)c1)c2ccc(Cl)c(Cl)c2Cl 
mol_561,"2,2',3,3',4,4'-PCB",-7.192,1,360.882,0,2,1,0,-8.01,Clc1ccc(c(Cl)c1Cl)c2ccc(Cl)c(Cl)c2Cl 
mol_562,Warfarin,-3.913,1,308.333,1,3,4,67.51,-3.893,CC(=O)CC(c1ccccc1)c3c(O)c2ccccc2oc3=O 
mol_563,hydrobenzoin,-2.645,1,214.264,2,2,3,40.46,-1.93,c1ccccc1C(O)C(O)c2ccccc2
mol_564,Dimethyl phthalate,-2.347,1,194.186,0,1,2,52.6,-1.66,COC(=O)c1ccccc1C(=O)OC
mol_565,Ethyl octanoate,-2.962,1,172.268,0,0,7,26.3,-3.39,CCCCCCCC(=O)OCC
mol_566,Diethyldisulfide,-2.364,1,122.258,0,0,3,0,-2.42,CCSSCC
mol_567,"1,2-Diethoxyethane ",-0.833,1,118.176,0,0,5,18.46,-0.77,CCOCCOCC
mol_568,"1,2,4,5-Tetrachlorobenzene",-4.621,1,215.894,0,1,0,0,-5.56,Clc1cc(Cl)c(Cl)cc1Cl
mol_569,p-benzidine,-2.613,1,184.242,2,2,1,52.04,-2.7,Nc1ccc(cc1)c2ccc(N)cc2
mol_570,1-Heptene,-2.718,1,98.189,0,0,4,0,-3.73,CCCCCC=C
mol_571,Ethirimol,-2.732,1,209.293,2,1,5,57.78,-3.028,CCCCc1c(C)nc(NCC)[nH]c1=O
mol_572,Pentobarbital,-2.312,1,226.276,2,1,4,75.27,-2.39,O=C1NC(=O)NC(=O)C1(CC)C(C)CCC
mol_573,o-Chloroaniline,-2.392,1,127.574,1,1,0,26.02,-1.52,Nc1ccccc1Cl
mol_574,3-Chloroanisole,-3.057,1,142.585,0,1,1,9.23,-2.78,COc1cccc(Cl)c1
mol_575,Pebulate,-3.131,1,203.351,0,0,6,20.31,-3.53,CCCCN(CC)C(=O)SCCC
mol_576,Butyl acetate,-1.111,1,102.133,0,0,4,26.3,-1.37,CCCCOC=O
mol_577,Prednisolone,-2.974,1,360.45,3,4,2,94.83,-3.18,CC12CC(O)C3C(CCC4=CC(=O)C=CC34C)C2CCC1(O)C(=O)CO
mol_578,Bromodichloromethane,-2.176,1,163.829,0,0,0,0,-1.54,BrC(Cl)Cl
mol_579,adrenosterone,-2.99,1,300.398,0,4,0,51.21,-3.48,CC34CC(=O)C1C(CCC2=CC(=O)CCC12C)C3CCC4(=O) 
mol_580,p-terphenyl,-5.741,2,230.31,0,3,2,0,-7.11,c1ccc(cc1)c2ccc(cc2)c3ccccc3
mol_581,p-Hydroxybenzaldehyde ,-2.003,1,122.123,1,1,1,37.3,-0.96,Oc1ccc(C=O)cc1
mol_582,Bromomethane,-1.109,1,94.939,0,0,0,0,-0.79,CBr
mol_583,Perfluidone,-4.945,1,379.381,1,2,4,80.31,-3.8,Cc1cc(ccc1NS(=O)(=O)C(F)(F)F)S(=O)(=O)c2ccccc2
mol_584,Coumachlor,-4.554,1,342.778,1,3,4,67.51,-5.839,CC(=O)CC(c1ccc(Cl)cc1)c2c(O)c3ccccc3oc2=O
mol_585,2-Ethylnaphthalene,-4.1,1,156.228,0,2,1,0,-4.29,CCc1ccc2ccccc2c1
mol_586,5-methylcytosine,-0.257,1,125.131,2,1,0,71.77,-1.458,Nc1c(C)c[nH]c(=O)n1 
mol_587,"2,3,4,5,6-PCB",-6.785,1,326.437,0,2,1,0,-7.92,Clc2c(Cl)c(Cl)c(c1ccccc1)c(Cl)c2Cl 
mol_588,benodanil,-4.245,1,323.133,1,2,2,29.1,-4.21,c1c(NC(=O)c2ccccc2(I))cccc1
mol_589,Riboflavin,-1.865,1,376.369,5,3,5,161.56,-3.685,Cc3cc2nc1c(=O)[nH]c(=O)nc1n(CC(O)C(O)C(O)CO)c2cc3C
mol_590,o-Fluorobromobenzene,-3.467,1,175,0,1,0,0,-2.7,Fc1ccccc1Br
mol_591,"2,4-Dichlorophenol ",-3.22,1,163.003,1,1,0,20.23,-1.55,Oc1ccc(Cl)cc1Cl
mol_592,Permethrin,-7.129,1,391.294,0,3,6,35.53,-6.291,CC1(C)C(C=C(Cl)Cl)C1C(=O)OCc2cccc(Oc3ccccc3)c2
mol_593,piroxicam,-3.473,1,331.353,2,3,2,99.6,-4.16,CN2C(=C(O)c1ccccc1S2(=O)=O)C(=O)Nc3ccccn3 
mol_594,3-Propanoyloxymethylphenytoin,-3.128,1,338.363,1,3,5,75.71,-4.907,O=C1N(COC(=O)CC)C(=O)C(N1)(c2ccccc2)c3ccccc3
mol_595,Cyclopentane ,-2.038,2,70.135,0,1,0,0,-2.64,C1CCCC1
mol_596,o-Toluidine,-1.922,1,107.156,1,1,0,26.02,-2.21,Cc1ccccc1N
mol_597,Estragole,-3.074,1,148.205,0,1,3,9.23,-2.92,c1(OC)ccc(CC=C)cc1
mol_598,karbutilate,-2.655,1,279.34,2,1,2,70.67,-2.93,CN(C)C(=O)Nc1cccc(OC(=O)NC(C)(C)C)c1 
mol_599,3-Methyl-1-Butene,-1.994,1,70.135,0,0,1,0,-2.73,CC(C)C=C
mol_600,2-Hydroxypyridine,-1.655,1,95.101,1,1,0,33.12,1.02,Oc1ccccn1
mol_601,Ethane,-1.132,1,30.07,0,0,0,0,-1.36,CC
mol_602,"1,2-Dichlorobenzene",-3.482,1,147.004,0,1,0,0,-3.05,Clc1ccccc1Cl
mol_603,mercaptobenzothiazole,-3.411,1,167.258,1,2,0,12.89,-3.18,Sc2nc1ccccc1s2 
mol_604,"2,2',3,3',4,4',5,5',6,6'-PCB",-9.589,1,498.662,0,2,1,0,-11.6,Clc1c(Cl)c(Cl)c(c(Cl)c1Cl)c2c(Cl)c(Cl)c(Cl)c(Cl)c2Cl 
mol_605,Methoxsalen,-3.25,1,216.192,0,3,1,52.58,-3.664,COc2c1occc1cc3ccc(=O)oc23 
mol_606,Acetamide,0.494,1,59.068,1,0,0,43.09,1.58,CC(=O)N
mol_607,1-Methylnaphthalene,-3.802,1,142.201,0,2,0,0,-3.7,Cc1cccc2ccccc12
mol_608,Napropamide,-4.088,1,271.36,0,2,5,29.54,-3.57,CCN(CC)C(=O)C(C)Oc1cccc2ccccc12 
mol_609,"3,3-Dimethyl-2-butanol",-1.292,1,102.177,1,0,0,20.23,-0.62,CC(O)C(C)(C)C
mol_610,Methyl pentanoate,-1.545,1,116.16,0,0,3,26.3,-1.36,CCCC(=O)OCC
mol_611,Menadione,-2.667,1,172.183,0,2,0,34.14,-3.03,CC2=CC(=O)c1ccccc1C2=O 
mol_612,Phenanthrene,-4.518,2,178.234,0,3,0,0,-5.26,c1ccc2c(c1)ccc3ccccc32
mol_613,"2,4-Dimethylpyridine",-2.098,1,107.156,0,1,0,12.89,0.38,Cc1ccnc(C)c1
mol_614,1-Nonanol,-2.46,1,144.258,1,0,7,20.23,-3.01,CCCCCCCCCO
mol_615,Dibromomethane,-1.883,1,173.835,0,0,0,0,-1.17,BrCBr
mol_616,Dexamethasone,-3.4,1,392.467,3,4,2,94.83,-3.59,CC1CC2C3CCC4=CC(=O)C=CC4(C)C3(F)C(O)CC2(C)C1(O)C(=O)CO
mol_617,"2,6-Dimethylnaphthalene ",-4.147,1,156.228,0,2,0,0,-4.89,Cc1ccc2cc(C)ccc2c1
mol_618,Butylate,-3.453,1,217.378,0,0,5,20.31,-3.68,CCSC(=O)N(CC(C)C)CC(C)C
mol_619,nitroglycerin,-2.029,1,227.085,0,0,8,157.11,-2.22,O=N(=O)OCC(CON(=O)=O)ON(=O)=O 
mol_620,m-Nitroaniline,-1.936,1,138.126,1,1,1,69.16,-2.19,Nc1cccc(c1)N(=O)=O
mol_621,1-Chlorobutane,-1.94,1,92.569,0,0,2,0,-2.03,CCCCCl
mol_622,triforine,-3.715,1,430.934,2,1,6,64.68,-4.19,ClC(Cl)(Cl)C(NC=O)N1C=CN(C=C1)C(NC=O)C(Cl)(Cl)Cl 
mol_623,Fluridone,-4.249,1,329.321,0,3,2,22,-4.445,Cn2cc(c1ccccc1)c(=O)c(c2)c3cccc(c3)C(F)(F)F
mol_624,6-aminochrysene,-4.849,1,243.309,1,4,0,26.02,-6.2,Nc3cc2c1ccccc1ccc2c4ccccc34 
mol_625,Estrone,-3.872,1,270.372,1,4,0,37.3,-3.955,CC12CCC3C(CCc4cc(O)ccc34)C2CCC1=O
mol_626,RTI 17,-4.227,1,269.373,0,3,1,19.37,-4.706,CCN2c1ccccc1N(C)C(=S)c3cccnc23 
mol_627,"1,2-Propylene oxide",-0.358,1,58.08,0,1,0,12.53,-0.59,CC1CO1
mol_628,Nitrazepam,-3.473,1,281.271,1,3,2,84.6,-3.796,O=C3CN=C(c1ccccc1)c2cc(ccc2N3)N(=O)=O
mol_629,"1,3-diethylthiourea",-1.028,1,132.232,2,0,2,24.06,-1.46,CCNC(=S)NCC
mol_630,"2,3,5-Trichlorophenol",-3.78,1,197.448,1,1,0,20.23,-2.67,Oc1cc(Cl)cc(Cl)c1Cl
mol_631,Propyl propanoate,-1.545,1,116.16,0,0,3,26.3,-1.34,CCCCC(=O)OC
mol_632,Aniline ,-1.632,1,93.129,1,1,0,26.02,-0.41,Nc1ccccc1
mol_633,"1,5-Dimethlnapthalene",-4.147,1,156.228,0,2,0,0,-4.679,Cc1cccc2c(C)cccc12
mol_634,hydrochlorothiazide,-1.72,1,297.745,3,2,1,118.36,-2.63,NS(=O)(=O)c2cc1c(NCNS1(=O)=O)cc2Cl 
mol_635,Acenapthylene,-3.682,2,152.196,0,3,0,0,-3.96,C1=Cc2cccc3cccc1c23
mol_636,Ethyl butyrate,-2.254,1,144.214,0,0,5,26.3,-1.28,CCCCCOC(=O)CC
mol_637,Atratone,-3.185,1,211.269,2,1,5,71.96,-2.084,CCNc1nc(NC(C)C)nc(OC)n1
mol_638,Benzo(a)pyrene,-6.007,2,252.316,0,5,0,0,-8.699,c1ccc2c(c1)cc3ccc4cccc5ccc2c3c45
mol_639,Bromoethane,-1.529,1,108.966,0,0,0,0,-1.09,CCBr
mol_640,3-Hexyne,-1.933,1,82.146,0,0,0,0,-1.99,CCC#CCC
mol_641,Digitoxin,-6.114,1,764.95,5,8,7,182.83,-5.293,CC1OC(CC(O)C1O)OC2C(O)CC(OC2C)OC8C(O)CC(OC7CCC3(C)C(CCC4C3CCC5(C)C(CCC45O)C6=CC(=O)OC6)C7)OC8C 
mol_642,2-Methyl-1-Butene,-1.994,1,70.135,0,0,1,0,-2.73,CCC(=C)C
mol_643,8-quinolinol,-2.725,1,145.161,1,2,0,33.12,-2.42,Oc1cccc2cccnc12 
mol_644,"1,2,3,4-Tetrahydronapthalene",-3.447,2,132.206,0,2,0,0,-4.37,C1CCc2ccccc2C1
mol_645,phenolphthalein,-4.59,1,318.328,2,4,2,66.76,-2.9,Oc1ccc(cc1)C2(OC(=O)c3ccccc23)c4ccc(O)cc4 
mol_646,"1,3,5-Tribromobenzene",-5.27,1,314.802,0,1,0,0,-5.6,Brc1cc(Br)cc(Br)c1
mol_647,Ronnel,-5.247,1,321.549,0,1,4,27.69,-5.72,COP(=S)(OC)Oc1cc(Cl)c(Cl)cc1Cl
mol_648,methylthiouracil,-0.547,1,142.183,2,1,0,48.65,-2.436,Cc1cc(=O)[nH]c(=S)[nH]1
mol_649,Eugenol,-2.675,1,164.204,1,1,3,29.46,-1.56,COc1cc(CC=C)ccc1O
mol_650,5-Allyl-5-isopropylbarbital,-1.706,1,210.233,2,1,3,75.27,-1.708,O=C1NC(=O)NC(=O)C1(C(C)C)CC=C
mol_651,Pyrene,-4.957,2,202.256,0,4,0,0,-6.176,c1cc2ccc3cccc4ccc(c1)c2c34
mol_652,"1,1-Diethoxyethane ",-0.899,1,118.176,0,0,4,18.46,-0.43,CCOC(C)OCC
mol_653,Clomazone,-3.077,1,239.702,0,2,2,29.54,-2.338,CC1(C)CON(Cc2ccccc2Cl)C1=O
mol_654,2-Butoxyethanol,-0.775,1,118.176,1,0,5,29.46,-0.42,CCCCOCCO
mol_655,Quintozene,-5.098,1,295.336,0,1,1,43.14,-5.82,Clc1c(Cl)c(Cl)c(N(=O)=O)c(Cl)c1Cl
mol_656,Androsterone,-3.882,1,290.447,1,4,0,37.3,-4.402,CC12CCC(O)CC1CCC3C2CCC4(C)C3CCC4=O
mol_657,Flurochloridone,-4.749,1,312.118,0,2,2,20.31,-4.047,FC(F)(F)c1cccc(c1)N2CC(CCl)C(Cl)C2=O
mol_658,Quinoline,-2.663,2,129.162,0,2,0,12.89,-1.3,c1ccc2ncccc2c1
mol_659,methyl gallate,-1.913,1,184.147,3,1,1,86.99,-1.24,COC(=O)c1cc(O)c(O)c(O)c1 
mol_660,fluconazole,-2.418,1,306.276,1,3,5,81.65,-1.8,OC(Cn1cncn1)(Cn2cncn2)c3ccc(F)cc3F 
mol_661,Chlorzoxazone,-2.679,1,169.567,1,2,0,46,-2.831,Clc2ccc1oc(=O)[nH]c1c2
mol_662,"2,2',3,4,4',5',6-PCB",-7.898,1,395.327,0,2,1,0,-7.92,Clc1ccc(c(Cl)c1)c2c(Cl)c(Cl)c(Cl)c(Cl)c2Cl
mol_663,alloxan,0.436,1,142.07,2,1,0,92.34,-1.25,O=C1NC(=O)C(=O)C(=O)N1 
mol_664,"1,3-Dichloropropane",-1.618,1,112.987,0,0,2,0,-1.62,ClCCCCl
mol_665,m-Fluorobromobenzene,-3.467,1,175,0,1,0,0,-2.67,Fc1cccc(Br)c1
mol_666,p-Chlorobromobenzene,-3.928,1,191.455,0,1,0,0,-3.63,Clc1ccc(Br)cc1
mol_667,"2,3-Dimethylbutane",-2.584,1,86.178,0,0,1,0,-3.65,CC(C)C(C)C
mol_668,1-Butene,-1.655,1,56.108,0,0,1,0,-1.94,CCC=C
mol_669,"2,2',3,4,5,5'-PCB",-7.343,1,360.882,0,2,1,0,-7.68,Clc1ccc(Cl)c(c1)c2cc(Cl)c(Cl)c(Cl)c2Cl
mol_670,cytosine,0.051,1,111.104,2,1,0,71.77,-1.155,Nc1cc[nH]c(=O)n1 
mol_671,"1,1,2-Trichlorotrifluoroethane",-3.077,1,187.375,0,0,1,0,-3.04,FC(F)(Cl)C(F)(Cl)Cl
mol_672,Propionitrile,-0.269,1,55.08,0,0,0,23.79,0.28,CCC#N
mol_673,"O,P'-DDD",-6.008,1,320.046,0,2,3,0,-6.51,ClC(Cl)C(c1ccc(Cl)cc1)c2ccccc2Cl 
mol_674,o-Nitroanisole,-2.346,1,153.137,0,1,2,52.37,-1.96,COc1ccccc1N(=O)=O
mol_675,Prasterone,-3.564,1,288.431,1,4,0,37.3,-4.12,CC34CCC1C(CC=C2CC(O)CCC12C)C3CCC4=O
mol_676,Procymidone,-3.464,1,284.142,0,3,1,37.38,-4.8,CC12CC2(C)C(=O)N(C1=O)c3cc(Cl)cc(Cl)c3
mol_677,Benzo[ghi]perylene,-6.446,2,276.338,0,6,0,0,-9.018,c1cc2ccc3ccc4ccc5cccc6c(c1)c2c3c4c56
mol_678,Dinoseb,-3.715,1,240.215,1,1,4,106.51,-3.38,CCC(C)c1cc(cc(N(=O)=O)c1O)N(=O)=O 
mol_679,meconin,-0.825,1,196.202,0,2,2,44.76,-1.899,c1c(OC)c(OC)C2C(=O)OCC2c1
mol_680,Glycerol,0.688,1,92.094,3,0,2,60.69,1.12,OCC(O)CO
mol_681,Guaiacol,-1.941,1,124.139,1,1,1,29.46,-1.96,COc1ccccc1O 
mol_682,chlorpyrifos,-4.972,1,350.591,0,1,6,40.58,-5.67,CCOP(=S)(OCC)Oc1nc(Cl)c(Cl)cc1Cl 
mol_683,9-Methylanthracene,-4.87,1,192.261,0,3,0,0,-5.89,Cc1c2ccccc2cc3ccccc13
mol_684,Antipyrene,-1.733,1,188.23,0,2,1,26.93,0.715,Cc1cc(=O)n(c2ccccc2)n1C
mol_685,Methyl butyl ether ,-1.072,1,88.15,0,0,3,9.23,-0.99,CCCCOC
mol_686,7-methylpteridine,-1.24,1,146.153,0,2,0,51.56,-0.854,Cc2cnc1cncnc1n2
mol_687,simazine,-2.811,1,201.661,2,1,4,62.73,-4.55,CCNc1nc(Cl)nc(NCC)n1 
mol_688,"N,N-Dimethylacetamide",0.123,1,87.122,0,0,0,20.31,1.11,CN(C)C(=O)C
mol_689,Simetryn,-2.689,1,213.31,0,1,3,45.15,-2.676,CSc1nc(nc(n1)N(C)C)N(C)C
mol_690,Ethylene,-0.815,1,28.054,0,0,0,0,-0.4,C=C
mol_691,"3,3-Dimethyl-1-butanol",-1.365,1,102.177,1,0,1,20.23,-0.5,CC(C)(C)CCO
mol_692,5-Allyl-5-ethylbarbital,-1.368,1,196.206,2,1,3,75.27,-1.614,O=C1NC(=O)NC(=O)C1(CC)CC=C
mol_693,"2,3,4-Trichlorophenol",-3.705,1,197.448,1,1,0,20.23,-2.67,Oc1ccc(Cl)c(Cl)c1Cl
mol_694,Anisole,-2.368,1,108.14,0,1,1,9.23,-1.85,COc1ccccc1
mol_695,chloropropylate,-5.093,1,339.218,1,2,4,46.53,-4.53,c1ccc(Cl)cc1C(c2ccc(Cl)cc2)(O)C(=O)OC(C)C
mol_696,aldosterone,-3.066,1,360.45,2,4,3,91.67,-3.85,CC13CCC(=O)C=C1CCC4C2CCC(C(=O)CO)C2(CC(O)C34)C=O 
mol_697,Difenoxuron,-3.928,1,286.331,1,2,4,50.8,-4.16,COc2ccc(Oc1ccc(NC(=O)N(C)C)cc1)cc2
mol_698,4-Ethyltoluene,-3.328,1,120.195,0,1,1,0,-3.11,CCc1ccc(C)cc1
mol_699,Diisopropylsulfide,-2.162,1,118.245,0,0,2,0,-2.24,CC(C)SC(C)C
mol_700,"1,3-Dinitrobenzene",-2.281,1,168.108,0,1,2,86.28,-2.29,O=N(=O)c1cccc(c1)N(=O)=O
mol_701,Ethion,-5.471,1,384.487,0,0,12,36.92,-5.54,CCOP(=S)(OCC)SCSP(=S)(OCC)OCC
mol_702,probarbital,-1.603,1,198.222,2,1,2,75.27,-2.21,CCC1(C(C)C)C(=O)NC(=O)NC1=O 
mol_703,cortisone acetate,-3.426,1,402.487,1,4,3,97.74,-4.21,CC(=O)OCC(=O)C3(O)CCC4C2CCC1=CC(=O)CCC1(C)C2C(=O)CC34C 
mol_704,Metronidazole,-0.859,1,171.156,1,1,3,81.19,-1.22,Cc1ncc(N(=O)=O)n1CCO
mol_705,p-Chloroaniline,-2.392,1,127.574,1,1,0,26.02,-1.66,Nc1ccc(Cl)cc1
mol_706,"2,2-Dimethylpentanol",-1.719,1,116.204,1,0,3,20.23,-1.52,CCCC(C)(C)CO
mol_707,Furane,-1.837,2,68.075,0,1,0,13.14,-0.82,c1ccoc1
mol_708,Methoproptryne,-3.259,1,271.39,2,1,8,71.96,-2.928,COCCCNc1nc(NC(C)C)nc(SC)n1
mol_709,Norea,-2.47,1,222.332,1,3,1,32.34,-3.171,CN(C)C(=O)NC1CC2CC1C3CCCC23
mol_710,t-Butylbenzene ,-3.554,1,134.222,0,1,0,0,-3.66,CC(C)(C)c1ccccc1
mol_711,kebuzone,-2.645,1,322.364,0,3,5,57.69,-3.27,CC(=O)CCC1C(=O)N(N(C1=O)c2ccccc2)c3ccccc3
mol_712,prednisolone acetate,-3.507,1,402.487,2,4,3,100.9,-4.37,CC(=O)OCC(=O)C3(O)CCC4C2CCC1=CC(=O)C=CC1(C)C2C(O)CC34C 
mol_713,Methyl propyl ether ,-0.718,1,74.123,0,0,2,9.23,-0.39,CCCOC
mol_714,Isopropyl acetate,-1.191,1,102.133,0,0,1,26.3,-0.55,CC(C)OC(=O)C
mol_715,Bromobenzene,-3.345,1,157.01,0,1,0,0,-2.55,Brc1ccccc1
mol_716,Ethyl-p-hydroxybenzoate ,-2.761,1,166.176,1,1,2,46.53,-2.35,CCOC(=O)c1ccc(O)cc1
mol_717,3-Butanoyloxymethylphenytoin,-3.469,1,352.39,1,3,6,75.71,-5.071,O=C1N(COC(=O)CCC)C(=O)C(N1)(c2ccccc2)c3ccccc3
mol_718,testosterone propionate,-4.87,1,344.495,0,4,2,43.37,-5.37,CCC(=O)OC3CCC4C2CCC1=CC(=O)CCC1(C)C2CCC34C 
mol_719,Coronene,-6.885,2,300.36,0,7,0,0,-9.332,c1cc2ccc3ccc4ccc5ccc6ccc1c7c2c3c4c5c67
mol_720,allopurinol,-0.84,1,136.114,2,2,0,74.43,-2.266,O=c1[nH]cnc2[nH]ncc12 
mol_721,Chloroethylene,-1.188,1,62.499,0,0,0,0,-1.75,ClC=C
mol_722,diphenamid,-3.147,1,239.318,0,2,3,20.31,-2.98,CN(C)C(=O)C(c1ccccc1)c2ccccc2 
mol_723,Tetrabromomethane,-4.063,1,331.627,0,0,0,0,-3.14,BrC(Br)(Br)Br
mol_724,RTI 22,-4.408,1,296.374,1,3,2,48.47,-4.871,CCN2c1cc(N(C)C)cc(C)c1NC(=O)c3cccnc23 
mol_725,phthalimide,-1.882,1,147.133,1,2,0,46.17,-2.61,O=C1NC(=O)c2ccccc12 
mol_726,Fenarimol,-4.108,1,331.202,1,3,3,46.01,-4.38,OC(c1ccc(Cl)cc1)(c2cncnc2)c3ccccc3Cl
mol_727,Methyl benzoate ,-2.462,1,136.15,0,1,1,26.3,-1.85,COC(=O)c1ccccc1
mol_728,1-methyluracil,-0.375,1,126.115,1,1,0,54.86,-0.807,Cn1ccc(=O)[nH]c1=O
mol_729,oxyphenbutazone,-3.739,1,324.38,1,3,5,60.85,-3.73,CCCCC1C(=O)N(N(C1=O)c2ccc(O)cc2)c3ccccc3 
mol_730,"2,2',3,5'-PCB",-6.155,1,291.992,0,2,1,0,-6.47,Clc1ccc(Cl)c(c1)c2cccc(Cl)c2Cl 
mol_731,Quinethazone,-2.184,1,289.744,3,2,2,101.29,-3.29,CCC2NC(=O)c1cc(c(Cl)cc1N2)S(N)(=O)=O
mol_732,Diuron,-3.301,1,233.098,1,1,1,32.34,-3.8,CN(C)C(=O)Nc1ccc(Cl)c(Cl)c1
mol_733,Cyclopentene ,-1.72,2,68.119,0,1,0,0,-2.1,C1CC=CC1
mol_734,alloxantin,0.919,1,286.156,6,2,1,191,-1.99,C1(=O)NC(=O)NC(=O)C1(O)C2(O)C(=O)NC(=O)NC2(=O)
mol_735,Nonane,-3.678,1,128.259,0,0,6,0,-5.88,CCCCCCCCC
mol_736,2-Chlorophenol,-2.553,1,128.558,1,1,0,20.23,-1.06,Oc1ccccc1Cl
mol_737,5-Methylchrysene,-5.931,1,242.321,0,4,0,0,-6.59,c1cccc2c3c(C)cc4ccccc4c3ccc12
mol_738,Phenetole,-2.66,1,122.167,0,1,2,9.23,-2.33,CCOc1ccccc1
mol_739,ethyl cinnamate,-3.098,1,176.215,0,1,3,26.3,-3,CCOC(=O)C=Cc1ccccc1
mol_740,Terbacil,-3.033,1,216.668,1,1,0,54.86,-2.484,Cc1[nH]c(=O)n(c(=O)c1Cl)C(C)(C)C
mol_741,Clonazepam,-3.707,1,315.716,1,3,2,84.6,-3.499,Clc1ccccc1C2=NCC(=O)Nc3ccc(cc23)N(=O)=O
mol_742,p-Toluenesulfonamide ,-1.815,1,171.221,1,1,1,60.16,-1.74,Cc1ccc(cc1)S(=O)(=O)N
mol_743,Chlorbufam,-3.629,1,223.659,1,1,2,38.33,-2.617,CC(OC(=O)Nc1cccc(Cl)c1)C#C
mol_744,2-Methylheptane,-3.308,1,114.232,0,0,4,0,-5.08,CCCCCC(C)C
mol_745,Cyhalothrin,-6.905,1,449.856,0,3,6,59.32,-8.176,CC1(C)C(C=C(Cl)C(F)(F)F)C1C(=O)OC(C#N)c2cccc(Oc3ccccc3)c2
mol_746,Apazone,-2.9,1,300.362,0,3,2,56.22,-3.538,CCCC1C(=O)N3N(C1=O)c2cc(C)ccc2N=C3N(C)C 
mol_747,Diazepam,-4.05,1,284.746,0,3,1,32.67,-3.754,CN2C(=O)CN=C(c1ccccc1)c3cc(Cl)ccc23
mol_748,2-Methyl-3-pentanol,-1.308,1,102.177,1,0,2,20.23,-0.7,CCC(O)C(C)C
mol_749,fensulfothion,-3.283,1,308.361,0,1,7,44.76,-2.3,CCOP(=S)(OCC)Oc1ccc(cc1)S(C)=O 
mol_750,borneol,-2.423,1,154.253,1,2,0,20.23,-2.32,CC1(C)C2CCC1(C)C(O)C2
mol_751,Testosterone,-3.659,1,288.431,1,4,0,37.3,-4.02,CC12CCC3C(CCC4=CC(=O)CCC34C)C2CCC1O
mol_752,Heptane,-2.97,1,100.205,0,0,4,0,-4.53,CCCCCCC
mol_753,1-Napthol,-3.08,1,144.173,1,2,0,20.23,-2.22,Oc1cccc2ccccc12
mol_754,"cis-1,2-Dimethylcyclohexane",-3.305,1,112.216,0,1,0,0,-4.3,C/C1CCCCC1\C
mol_755,Trimazosin,-3.958,1,435.481,2,3,6,132.5,-3.638,COc2cc1c(N)nc(nc1c(OC)c2OC)N3CCN(CC3)C(=O)OCC(C)(C)O 
mol_756,Cholanthrene,-5.942,2,254.332,0,5,0,0,-7.85,C1Cc2c3c1cccc3cc4c2ccc5ccccc54
mol_757,Medrogestone,-4.593,1,340.507,0,4,1,34.14,-5.27,CC(=O)C3(C)CCC4C2C=C(C)C1=CC(=O)CCC1(C)C2CCC34C
mol_758,2-Heptanone,-1.554,1,114.188,0,0,4,17.07,-1.45,CCCCCC(=O)C
mol_759,Acephate,-0.416,1,183.169,1,0,3,55.4,0.54,COP(=O)(NC(C)=O)SC 
mol_760,DEF,-4.074,1,314.522,0,0,12,17.07,-5.14,CCCCSP(=O)(SCCCC)SCCCC
mol_761,phthalamide,-0.636,1,149.149,1,2,0,46.17,-2.932,c1cC2C(=O)NC(=O)C2cc1
mol_762,Trichlomethiazide,-2.98,1,380.662,3,2,2,118.36,-2.68,NS(=O)(=O)c2cc1c(NC(NS1(=O)=O)C(Cl)Cl)cc2Cl 
mol_763,2-Methy-2-Butene,-1.994,1,70.135,0,0,0,0,-2.56,CC=C(C)C
mol_764,"1,2,4-Trimethylbenzene",-3.343,1,120.195,0,1,0,0,-3.31,Cc1ccc(C)c(C)c1
mol_765,"2,4,5-Trichlorophenol ",-3.78,1,197.448,1,1,0,20.23,-2.21,Oc1cc(Cl)c(Cl)cc1Cl
mol_766,phenanthridine,-3.713,2,179.222,0,3,0,12.89,-2.78,c1ccc2c(c1)cnc3ccccc23 
mol_767,3-Methyl-3-hexanol,-1.663,1,116.204,1,0,3,20.23,-0.98,CCCC(C)(O)CC
mol_768,Octane,-3.324,1,114.232,0,0,5,0,-5.24,CCCCCCCC
mol_769,Anthracene,-4.518,2,178.234,0,3,0,0,-6.35,c1ccc2cc3ccccc3cc2c1
mol_770,Phenylhydrazine,-1.866,1,108.144,2,1,1,38.05,0.07,NNc1ccccc1
mol_771,Propionaldehyde,-0.394,1,58.08,0,0,1,17.07,0.58,CCC=O
mol_772,Cyclooctane,-3.355,2,112.216,0,1,0,0,-4.15,C1CCCCCCC1
mol_773,"5,5-Diallylbarbital",-1.471,1,208.217,2,1,4,75.27,-2.077,O=C1NC(=O)NC(=O)C1(CC=C)CC=C
mol_774,Trichloromethane,-1.812,1,119.378,0,0,0,0,-1.17,ClC(Cl)Cl
mol_775,thiouracil,-0.992,1,128.156,2,1,0,45.75,-2.273,Sc1nccc(=O)[nH]1 
mol_776,Pencycuron,-5.126,1,328.843,1,3,4,32.34,-5.915,Clc1ccc(CN(C2CCCC2)C(=O)Nc3ccccc3)cc1
mol_777,1-Methylcyclohexene ,-2.574,1,96.173,0,1,0,0,-3.27,CC1=CCCCC1
mol_778,2-Ethylhexanal,-2.232,1,128.215,0,0,5,17.07,-2.13,CCCCC(CC)C=O
mol_779,Khellin,-3.603,1,260.245,0,3,2,61.81,-3.021,COc2c1occc1c(OC)c3c(=O)cc(C)oc23 
mol_780,5-Ethyl-5-(3-methylbutyl)barbital,-2.312,1,226.276,2,1,4,75.27,-2.658,O=C1NC(=O)NC(=O)C1(CC)CCC(C)C
mol_781,Benzo(j)fluoranthene,-6.007,2,252.316,0,5,0,0,-8,c1ccc2c3c(ccc2c1)c4cccc5cccc3c45
mol_782,2-Ethylbutanal,-1.523,1,100.161,0,0,3,17.07,-1.52,CCC(CC)C=O
mol_783,Dipropyl ether,-1.426,1,102.177,0,0,4,9.23,-1.62,CCCOCCC
mol_784,1-Tetradecanol,-4.231,1,214.393,1,0,12,20.23,-5.84,CCCCCCCCCCCCCCO
mol_785,"2,3,6-Trichlorophenol",-3.572,1,197.448,1,1,0,20.23,-2.64,Oc1c(Cl)ccc(Cl)c1Cl
mol_786,Urea,0.832,1,60.056,2,0,0,69.11,0.96,NC(=O)N
mol_787,1-Pentyne,-1.446,1,68.119,0,0,1,0,-1.64,CCCC#C
mol_788,"1,3-Dibromobenzene",-4.298,1,235.906,0,1,0,0,-3.54,Brc1cccc(Br)c1
mol_789,1-Octadecanol,-5.649,1,270.501,1,0,16,20.23,-8.4,CCCCCCCCCCCCCCCCCCO
mol_790,Acetanilide,-1.857,1,135.166,1,1,1,29.1,-1.33,CC(=O)Nc1ccccc1
mol_791,hematein,-1.795,1,300.266,4,4,0,107.22,-2.7,c1cc(O)c(O)c2OCC3(O)CC4=CC(=O)C(O)=CC4=C3c21
mol_792,Isonazid,-0.717,1,137.142,2,1,1,68.01,0.009,c1nccc(C(=O)NN)c1
mol_793,hydroxychlordene,-4.156,1,354.875,1,3,0,20.23,-5.46,OC1C=CC2C1C3(Cl)C(=C(Cl)C2(Cl)C3(Cl)Cl)Cl 
mol_794,Isopentyl formate,-1.449,1,116.16,0,0,4,26.3,-1.52,CC(C)CCOC=O
mol_795,Acetophenone,-2.078,1,120.151,0,1,1,17.07,-1.28,CC(=O)c1ccccc1
mol_796,biquinoline,-4.903,2,256.308,0,4,1,25.78,-5.4,c2ccc1nc(ccc1c2)c4ccc3ccccc3n4 
mol_797,Triethyl phosphate,-0.953,1,182.156,0,0,6,44.76,0.43,CCOP(=O)(OCC)OCC
mol_798,D-fenchone,-2.158,1,152.237,0,2,0,17.07,-1.85,CC2(C)C1CCC(C)(C1)C2=O
mol_799,7-methoxypteridine,-1.589,1,162.152,0,2,1,60.79,-0.91,COc2cnc1cncnc1n2
mol_800,Chlordene,-5.152,1,338.876,0,3,0,0,-5.64,ClC2=C(Cl)C3(Cl)C1C=CCC1C2(Cl)C3(Cl)Cl 
mol_801,2-Nitropropane,-0.743,1,89.094,0,0,1,43.14,-0.62,CC(C)N(=O)=O
mol_802,Carbazole,-3.836,2,167.211,1,3,0,15.79,-5.27,c1ccc2c(c1)[nH]c3ccccc32
mol_803,Erythritol,0.675,1,122.12,4,0,3,80.92,0.7,OCC(O)C(O)CO
mol_804,Risocaine,-2.709,1,179.219,1,1,3,52.32,-2.452,CCCOC(=O)c1ccc(N)cc1
mol_805,Azodrin,-0.949,1,223.165,1,0,5,73.86,0.651,CNC(=O)C=C(C)OP(=O)(OC)OC
mol_806,Succinimide,0.282,1,99.089,1,1,0,46.17,0.3,O=C1CCC(=O)N1
mol_807,"2,3-Dimethylpentane",-2.938,1,100.205,0,0,2,0,-4.28,CCC(C)C(C)C
mol_808,bupirimate,-3.493,1,316.427,1,1,8,84.42,-4.16,CCCCc1c(C)nc(NCC)nc1OS(=O)(=O)N(C)C 
mol_809,RTI 16,-3.411,1,270.361,0,3,1,32.26,-4.634,CCN2c1ncccc1N(C)C(=S)c3cccnc23 
mol_810,RTI 9,-3.784,1,239.274,0,3,1,29.54,-3.68,O2c1ccccc1N(CC)C(=O)c3ccccc23 
mol_811,Tetrahydropyran ,-0.978,2,86.134,0,1,0,9.23,-0.03,C1CCOCC1
mol_812,1-Heptyne,-2.155,1,96.173,0,0,3,0,-3.01,CCCCCC#C
mol_813,osthole,-4.076,1,244.29,0,2,3,39.44,-4.314,c1cc2ccc(OC)c(CC=C(C)(C))c2oc1=O 
mol_814,3-Methylcholanthrene,-6.311,1,268.359,0,5,0,0,-7.92,c1cc(C)cc2c1c3cc4cccc5CCc(c45)c3cc2
mol_815,Ethyl benzoate ,-2.775,1,150.177,0,1,2,26.3,-2.32,CCOC(=O)c1ccccc1
mol_816,1-Chloro-2-methylpropane,-1.924,1,92.569,0,0,1,0,-2,ClCC(C)C
mol_817,Ethinyl estradiol,-4.317,1,296.41,2,4,0,40.46,-4.3,CC34CCC1C(CCc2cc(O)ccc12)C3CCC4(O)C#C 
mol_818,methyl laurate,-4.025,1,214.349,0,0,10,26.3,-4.69,CCCCCCCCCCCC(=O)OC
mol_819,Di-n-propylsulfide,-2.307,1,118.245,0,0,4,0,-2.58,CCCSCCC
mol_820,Napthacene,-5.568,2,228.294,0,4,0,0,-8.6,c1ccc2cc3cc4ccccc4cc3cc2c1
mol_821,1-Bromopentane,-2.658,1,151.047,0,0,3,0,-3.08,CCCCCBr
mol_822,trans-2-Heptene ,-2.784,1,98.189,0,0,3,0,-3.82,CCCC/C=C/C
mol_823,Metranidazole,-0.859,1,171.156,1,1,3,81.19,-1.26,Cc1ncc(N(=O)=O)n1CCO 
mol_824,Pentylcyclopentane,-3.869,1,140.27,0,1,4,0,-6.08,CCCCCC1CCCC1
mol_825,"2,2',3,5,5',6-PCB",-7.261,1,360.882,0,2,1,0,-7.42,Clc1ccc(Cl)c(c1)c2c(Cl)c(Cl)cc(Cl)c2Cl 
mol_826,5-Ethyl-5-isopropylbarbituric acid,-1.603,1,198.222,2,1,2,75.27,-2.148,O=C1NC(=O)NC(=O)C1(CC)C(C)C
mol_827,"1,1,1-Trichloroethane",-2.232,1,133.405,0,0,0,0,-2,CC(Cl)(Cl)Cl
mol_828,Monolinuron,-2.948,1,214.652,1,1,2,41.57,-2.57,CON(C)C(=O)Nc1ccc(Cl)cc1
mol_829,Cyclohexyl-5-spirobarbituric acid,-1.405,1,196.206,2,2,0,75.27,-3.06,O=C2NC(=O)C1(CCCCC1)C(=O)N2
mol_830,dimetan,-2.304,1,211.261,0,1,1,46.61,-0.85,CN(C)C(=O)OC1=CC(=O)CC(C)(C)C1 
mol_831,4-Bromotoluene,-3.667,1,171.037,0,1,0,0,-3.19,Cc1ccc(Br)cc1
mol_832,Diethyl ether ,-0.718,1,74.123,0,0,2,9.23,-0.09,CCOCC
mol_833,Rovral,-4.004,1,330.171,1,2,2,69.72,-4.376,CC(C)NC(=O)N1CC(=O)N(C1=O)c2cc(Cl)cc(Cl)c2
mol_834,Benfluralin,-5.205,1,335.282,0,1,7,89.52,-5.53,CCCCN(CC)c1c(cc(cc1N(=O)=O)C(F)(F)F)N(=O)=O
mol_835,"2,4,6-Trimethylphenol",-2.941,1,136.194,1,1,0,20.23,-2.05,Cc1cc(C)c(O)c(C)c1
mol_836,Benzene ,-2.418,2,78.114,0,1,0,0,-1.64,c1ccccc1
mol_837,p-Chloroiodobenzene,-4.384,1,238.455,0,1,0,0,-4.03,Clc1ccc(I)cc1
mol_838,Metoxuron,-2.683,1,228.679,1,1,2,41.57,-2.564,COc1ccc(NC(=O)N(C)C)cc1Cl
mol_839,propachlor,-3.018,1,211.692,0,1,3,20.31,-2.48,CC(C)N(C(=O)CCl)c1ccccc1 
mol_840,Styrene,-2.85,1,104.152,0,1,1,0,-2.82,C=Cc1ccccc1
mol_841,Dimethoxymethane,0.092,1,76.095,0,0,2,18.46,0.48,COCOC
mol_842,o-Xylene ,-3.004,1,106.168,0,1,0,0,-2.8,Cc1ccccc1C
mol_843,Butan-2-ol,-0.616,1,74.123,1,0,1,20.23,0.47,CCC(C)O
mol_844,"1,4-Benzenediol",-1.59,1,110.112,2,1,0,40.46,-0.17,Oc1ccc(O)cc1
mol_845,estriol,-3.858,1,288.387,3,4,0,60.69,-4.955,CC34CCC1C(CCc2cc(O)ccc12)C3CC(O)C4O 
mol_846,Benzo(b)fluorene,-5.189,2,216.283,0,4,0,0,-8.04,C1c2ccccc2c3cc4ccccc4cc13
mol_847,hydantoin,0.603,1,100.077,2,1,0,58.2,-0.4,O=C1CNC(=O)N1 
mol_848,4-hexylresorcinol,-3.493,1,194.274,2,1,5,40.46,-2.59,c1(O)cc(O)ccc1CCCCCC
mol_849,allicin,-2.045,1,162.279,0,0,5,17.07,-0.83,C=CCS(=O)SCC=C
mol_850,Coumaphos,-5.04,1,362.771,0,2,6,57.9,-5.382,CCOP(=S)(OCC)Oc2ccc1oc(=O)c(Cl)c(C)c1c2
mol_851,"5,6-Dimethylchrysene",-6.265,1,256.348,0,4,0,0,-7.01,Cc1c(C)c2c3ccccc3ccc2c4ccccc14
mol_852,Betamethasone-17-valerate,-5.062,1,476.585,2,4,6,100.9,-4.71,CCCCC(=O)OC3(C(C)CC4C2CCC1=CC(=O)C=CC1(C)C2(F)C(O)CC34C)C(=O)CO
mol_853,uric acid,-0.541,1,168.112,4,2,0,114.37,-3.93,O=c2[nH]c(=O)c1[nH]c(=O)[nH]c1[nH]2 
mol_854,"2,3,4,6-Tetrachlorophenol",-4.203,1,231.893,1,1,0,20.23,-3.1,Oc1c(Cl)cc(Cl)c(Cl)c1Cl
mol_855,"1,3-Dichlorobenzene",-3.558,1,147.004,0,1,0,0,-3.04,Clc1cccc(Cl)c1
mol_856,DDT,-6.638,1,354.491,0,2,2,0,-7.15,Clc1ccc(cc1)C(c2ccc(Cl)cc2)C(Cl)(Cl)Cl
mol_857,Isobutyl formate,-1.095,1,102.133,0,0,3,26.3,-1.01,CC(C)COC=O
mol_858,thioanisole,-2.87,1,124.208,0,1,1,0,-2.39,c1ccccc1SC
mol_859,RTI 13,-4.45,1,322.29,1,3,1,58.12,-4.207,CCN2c1nc(C)cc(C(F)(F)F)c1NC(=O)c3cccnc23 
mol_860,Hexane ,-2.615,1,86.178,0,0,3,0,-3.84,CCCCCC
mol_861,methyl nicotinate,-1.621,1,137.138,0,1,1,39.19,-0.46,COC(=O)c1cccnc1 
mol_862,Bendroflumethiazide,-3.741,1,421.422,3,3,3,118.36,-3.59,NS(=O)(=O)c3cc2c(NC(Cc1ccccc1)NS2(=O)=O)cc3C(F)(F)F
mol_863,"2,3,3',4,4',5-PCB",-7.425,1,360.882,0,2,1,0,-7.82,Clc1ccc(cc1Cl)c2cc(Cl)c(Cl)c(Cl)c2Cl 
mol_864,Vinclozolin,-4.377,1,286.114,0,2,2,46.61,-4.925,CC1(OC(=O)N(C1=O)c2cc(Cl)cc(Cl)c2)C=C
mol_865,Cyanazine,-2.49,1,240.698,2,1,4,86.52,-3.15,CCNc1nc(Cl)nc(NC(C)(C)C#N)n1
mol_866,Triphenylene,-5.568,2,228.294,0,4,0,0,-6.726,c1ccc2c(c1)c3ccccc3c4ccccc24
mol_867,Dienestrol,-4.775,1,266.34,2,2,3,40.46,-4.95,CC=C(C(=CC)c1ccc(O)cc1)c2ccc(O)cc2
mol_868,Di(2-ethylhexyl)-phthalate,-7.117,1,390.564,0,1,14,52.6,-6.96,CCCCC(CC)COC(=O)c1ccccc1C(=O)OCC(CC)CCCC
mol_869,2-Ethyl pyridine,-2.051,1,107.156,0,1,1,12.89,0.51,CCc1ccccn1
mol_870,Naled,-3.548,1,380.784,0,0,5,44.76,-2.28,COP(=O)(OC)OC(Br)C(Cl)(Cl)Br
mol_871,Biphenyl,-4.079,2,154.212,0,2,1,0,-4.345,c1ccc(cc1)c2ccccc2
mol_872,"2,2',4,4',6,6'-PCB",-7.179,1,360.882,0,2,1,0,-8.71,Clc1cc(Cl)c(c(Cl)c1)c2c(Cl)cc(Cl)cc2Cl 
mol_873,Altretamine,-2.492,1,210.285,0,1,3,48.39,-3.364,CN(C)c1nc(nc(n1)N(C)C)N(C)C
mol_874,"2,4-Dimethyl-2-pentanol ",-1.647,1,116.204,1,0,2,20.23,-0.92,CC(C)CC(C)(C)O
mol_875,Cycloheptyl-5-spirobarbituric acid,-1.844,1,210.233,2,2,0,75.27,-3.168,O=C2NC(=O)C1(CCCCCC1)C(=O)N2 
mol_876,Fructose,0.471,1,180.156,5,1,2,110.38,0.64,OCC1OC(O)(CO)C(O)C1O
mol_877,"3,5-Dimethylphenol",-2.652,1,122.167,1,1,0,20.23,-1.4,Cc1cc(C)cc(O)c1
mol_878,Barban,-4.16,1,258.104,1,1,2,38.33,-4.37,ClCC#CCOC(=O)Nc1cccc(Cl)c1
mol_879,p-Chloroacetanilide,-2.642,1,169.611,1,1,1,29.1,-2.843,CC(=O)Nc1ccc(Cl)cc1
mol_880,"2,2',3,4,5,5',6-PCB",-7.898,1,395.327,0,2,1,0,-8.94,Clc1ccc(Cl)c(c1)c2c(Cl)c(Cl)c(Cl)c(Cl)c2Cl
mol_881,"2,2-Dimethylbutane",-2.584,1,86.178,0,0,0,0,-3.55,CCC(C)(C)C
mol_882,N-Methylaniline ,-2.097,1,107.156,1,1,1,12.03,-1.28,CNc1ccccc1
mol_883,"1,4-Pentadiene ",-1.758,1,68.119,0,0,2,0,-2.09,C=CCC=C
mol_884,Hydrocortisone 21-acetate,-3.692,1,404.503,2,4,3,100.9,-4.88,CC(=O)OCC(=O)C1(O)CCC2C3CCC4=CC(=O)CCC4(C)C3C(O)CC21C
mol_885,DNOC,-2.818,1,198.134,1,1,2,106.51,-1.456,Cc1cc(cc(N(=O)=O)c1O)N(=O)=O
mol_886,Lorazepam,-3.75,1,321.163,2,3,1,61.69,-3.604,OC3N=C(c1ccccc1Cl)c2cc(Cl)ccc2NC3=O
mol_887,3-Chlorophenol,-2.761,1,128.558,1,1,0,20.23,-0.7,Oc1cccc(Cl)c1
mol_888,m-Chlorobromobenzene,-3.928,1,191.455,0,1,0,0,-3.21,Clc1cccc(Br)c1
mol_889,chlorothiazide,-1.752,1,295.729,2,2,1,118.69,-3.05,NS(=O)(=O)c2cc1c(N=CNS1(=O)=O)cc2Cl 
mol_890,5-Methyl-5-ethylbarbituric acid,-0.911,1,170.168,2,1,1,75.27,-1.228,O=C1NC(=O)NC(=O)C1(C)CC
mol_891,2-Phenoxyethanol,-1.761,1,138.166,1,1,3,29.46,-0.7,OCCOc1ccccc1
mol_892,Diphenylmethane,-4.09,2,168.239,0,2,2,0,-4.08,C(c1ccccc1)c2ccccc2
mol_893,3-Octanol,-2.033,1,130.231,1,0,5,20.23,-1.98,CCCCCC(O)CC
mol_894,Flumetralin,-6.584,1,421.734,0,2,6,89.52,-6.78,CCN(Cc1c(F)cccc1Cl)c2c(cc(cc2N(=O)=O)C(F)(F)F)N(=O)=O
mol_895,Propazine,-3.329,1,229.715,2,1,4,62.73,-4.43,CC(C)Nc1nc(Cl)nc(NC(C)C)n1
mol_896,2-Methylpentanol,-1.381,1,102.177,1,0,3,20.23,-1.11,CCCC(C)CO
mol_897,2-Methyl-2-hexanol,-1.663,1,116.204,1,0,3,20.23,-1.08,CCCCC(C)(C)O
mol_898,Ethylbenzene,-2.988,1,106.168,0,1,1,0,-2.77,CCc1ccccc1
mol_899,5-(3-Methyl-2-butenyl)-5-ethylbarbital,-2.126,1,224.26,2,1,3,75.27,-2.253,O=C1NC(=O)NC(=O)C1(CC)CC=C(C)C
mol_900,Heptachlor,-5.26,1,373.321,0,3,0,0,-6.317,ClC1C=CC2C1C3(Cl)C(=C(Cl)C2(Cl)C3(Cl)Cl)Cl
mol_901,butallylonal,-2.766,1,303.156,2,1,4,75.27,-2.647,CCC(C)C1(CC(Br)=C)C(=O)NC(=O)NC1=O 
mol_902,Fenpropathrin,-6.15,1,349.43,0,3,5,59.32,-6.025,CC1(C)C(C(=O)OC(C#N)c2cccc(Oc3ccccc3)c2)C1(C)C
mol_903,Methoprene,-4.795,1,310.478,0,0,10,35.53,-5.19,COC(C)(C)CCCC(C)CC=CC(C)=CC(=O)OC(C)C
mol_904,Ethyl propionate,-1.191,1,102.133,0,0,2,26.3,-0.66,CCOC(=O)CC
mol_905,Prometryn,-3.693,1,241.364,2,1,5,62.73,-4.1,CSc1nc(NC(C)C)nc(NC(C)C)n1
mol_906,Buturon,-3.199,1,236.702,1,1,2,32.34,-3.9,CC(C#C)N(C)C(=O)Nc1ccc(Cl)cc1
mol_907,"2,3-Dimethylnaphthalene",-4.116,1,156.228,0,2,0,0,-4.72,Cc1cc2ccccc2cc1C
mol_908,"2,4',5-PCB",-5.762,1,257.547,0,2,1,0,-6.25,Clc1ccc(cc1)c2cc(Cl)ccc2Cl 
mol_909,"2,3',4,4',5-PCB",-7.343,1,360.882,0,2,1,0,-7.39,Clc1ccc(c(Cl)c1)c2cc(Cl)c(Cl)c(Cl)c2Cl 
mol_910,2-cyanoguanidine,0.361,1,84.082,2,0,0,88.19,-0.31,NC(N)=NC#N 
mol_911,Chloropicrin,-1.866,1,164.375,0,0,0,43.14,-2,ClC(Cl)(Cl)N(=O)=O
mol_912,"2,6-PCB",-4.984,1,223.102,0,2,1,0,-5.21,Clc1cccc(Cl)c1c2ccccc2 
mol_913,p-Methoxybenzaldehyde,-2.252,1,136.15,0,1,2,26.3,-1.49,COc1ccc(C=O)cc1
mol_914,4-Nitroacetanilide,-2.219,1,180.163,1,1,2,72.24,-2.692,CC(=O)Nc1ccc(cc1)N(=O)=O
mol_915,Ethyl heptanoate,-2.608,1,158.241,0,0,6,26.3,-2.74,CCCCCCC(=O)OCC
mol_916,p-Hydroxyacetanilide,-1.495,1,151.165,2,1,1,49.33,-1.03,CC(=O)Nc1ccc(O)cc1
mol_917,indazole,-2.34,2,118.139,1,2,0,28.68,-2.16,c2ccc1[nH]ncc1c2 
mol_918,triamcinolone acetonide,-3.928,1,434.504,2,5,2,93.06,-4.31,CC5(C)OC4CC3C2CCC1=CC(=O)C=CC1(C)C2(F)C(O)CC3(C)C4(O5)C(=O)CO 
mol_919,guanine,-0.67,1,151.129,3,2,0,100.45,-3.583,Nc2nc1[nH]cnc1c(=O)[nH]2 
mol_920,Methyl acetate,-0.416,1,74.079,0,0,0,26.3,0.46,COC(=O)C
mol_921,Stanolone,-3.882,1,290.447,1,4,0,37.3,-4.743,CC34CCC1C(CCC2CC(=O)CCC12C)C3CCC4O 
mol_922,1-Hexene-3-ol,-1.199,1,100.161,1,0,3,20.23,-0.59,CCCC(O)C=C
mol_923,norbormide,-4.238,1,511.581,2,7,5,92.18,-3.931,OC(C1=CC2C5C(C1C2=C(c3ccccc3)c4ccccn4)C(=O)NC5=O)(c6ccccc6)c7ccccn7 
mol_924,Dibutyl ether ,-2.135,1,130.231,0,0,6,9.23,-1.85,CCCCOCCCC
mol_925,1-Dodecanol,-3.523,1,186.339,1,0,10,20.23,-4.8,CCCCCCCCCCCCO
mol_926,RTI 6,-3.335,1,313.361,2,3,4,81.59,-3.36,CCN2c1nc(N(C)(CCO))ccc1NC(=O)c3cccnc23 
mol_927,2-Methyl-2-pentanol,-1.308,1,102.177,1,0,2,20.23,-0.49,CCCC(C)(C)O
mol_928,Flucytosine,-0.132,1,129.094,2,1,0,71.77,-0.972,Nc1nc(=O)[nH]cc1F
mol_929,stadacaine,-5.128,1,293.407,0,1,9,38.77,-3.84,CCCCOc1ccc(C(=O)OCC)c(c1)N(CC)CC 
mol_930,2-Methyl-2-heptanol,-2.017,1,130.231,1,0,4,20.23,-1.72,CCCCCC(C)(C)O
mol_931,Hexamethylbenzene,-4.361,1,162.276,0,1,0,0,-5.23,Cc1c(C)c(C)c(C)c(C)c1C
mol_932,Thymol,-3.129,1,150.221,1,1,1,20.23,-2.22,CC(C)c1ccc(C)cc1O
mol_933,Pteridine,-0.906,2,132.126,0,2,0,51.56,0.02,c2cnc1ncncc1n2
mol_934,Parathion,-3.949,1,291.265,0,1,7,70.83,-4.66,CCOP(=S)(OCC)Oc1ccc(cc1)N(=O)=O
mol_935,Methane,-0.636,0,16.043,0,0,0,0,-0.9,C
mol_936,indoline,-2.195,2,119.167,1,2,0,12.03,-1.04,c2ccc1NCCc1c2 
mol_937,1-Nitronapthalene,-3.414,1,173.171,0,2,1,43.14,-3.54,O=N(=O)c1cccc2ccccc12
mol_938,3-Methyl-2-pentanone,-1.266,1,100.161,0,0,2,17.07,-0.67,CCC(C)C(=O)C
mol_939,isoguanine,-1.74,1,151.129,3,2,0,100.71,-3.401,Nc1nc(O)nc2nc[nH]c12 
mol_940,bromadiolone,-7.877,1,527.414,2,5,6,70.67,-4.445,OC(CC(c1ccccc1)c3c(O)c2ccccc2oc3=O)c4ccc(cc4)c5ccc(Br)cc5 
mol_941,Nitromethane,-0.042,1,61.04,0,0,0,43.14,0.26,CN(=O)=O
mol_942,Triallate,-4.578,1,304.67,0,0,4,20.31,-4.88,CC(C)N(C(C)C)C(=O)SCC(Cl)=C(Cl)Cl
mol_943,"1,5-Hexadiene ",-2.112,1,82.146,0,0,3,0,-2.68,C=CCCC=C
mol_944,Indole,-2.654,2,117.151,1,2,0,15.79,-1.52,c2ccc1[nH]ccc1c2
mol_945,Androstenedione,-3.393,1,286.415,0,4,0,34.14,-3.69,CC34CCC1C(CCC2=CC(=O)CCC12C)C3CCC4=O
mol_946,1-Hexene,-2.364,1,84.162,0,0,3,0,-3.23,CCCCC=C
mol_947,Xipamide,-3.642,1,354.815,3,2,3,109.49,-3.79,Cc1cccc(C)c1NC(=O)c2cc(c(Cl)cc2O)S(N)(=O)=O
mol_948,Ethylcyclohexane,-3.245,1,112.216,0,1,1,0,-4.25,CCC1CCCCC1
mol_949,2-Nonanone,-2.263,1,142.242,0,0,6,17.07,-2.58,CCCCCCCC(=O)C
mol_950,Mebendazole,-4.118,1,295.298,2,3,3,84.08,-3.88,COC(=O)Nc2nc1ccc(cc1[nH]2)C(=O)c3ccccc3
mol_951,Chloropham,-3.544,1,213.664,1,1,2,38.33,-3.38,CC(C)OC(=O)Nc1cccc(Cl)c1
mol_952,RTI 12,-3.446,1,288.738,0,3,1,49.33,-4.114,CCN2c1nc(Cl)ccc1N(C)C(=O)c3cccnc23 
mol_953,Carbaryl,-3.087,1,201.225,1,2,1,38.33,-3.224,CNC(=O)Oc1cccc2ccccc12
mol_954,Ethyne,-0.252,1,26.038,0,0,0,0,0.29,C#C
mol_955,"3,5-Dimethylpyridine",-2.098,1,107.156,0,1,0,12.89,0.38,Cc1cncc(C)c1
mol_956,"1,4-Cyclohexadiene",-1.842,2,80.13,0,1,0,0,-2.06,C1C=CCC=C1
mol_957,Mecarbam,-3.738,1,329.38,0,0,8,65.07,-2.518,CCOC(=O)N(C)C(=O)CSP(=S)(OCC)OCC
mol_958,1-Phenylethanol,-1.919,1,122.167,1,1,1,20.23,-0.92,CC(O)c1ccccc1
mol_959,"1,2-Dichloropropane",-1.794,1,112.987,0,0,1,0,-1.6,CC(Cl)CCl
mol_960,2-Ethyl-2-hexanal,-2.081,1,126.199,0,0,4,17.07,-2.46,CCCC=C(CC)C=O
mol_961,Disulfoton,-3.975,1,274.413,0,0,9,18.46,-4.23,CCOP(=S)(OCC)SCCSCC
mol_962,methyltestosterone acetate,-4.863,1,344.495,0,4,1,43.37,-5.284,CC(=O)OC3(C)CCC4C2CCC1=CC(=O)CCC1(C)C2CCC34C 
mol_963,"2,4,6-PCB",-5.604,1,257.547,0,2,1,0,-6.14,Clc1ccc(cc1)c2c(Cl)cccc2Cl 
mol_964,difluron,-4.692,1,310.687,2,2,2,58.2,-6.02,Fc1cccc(F)c1C(=O)NC(=O)Nc2ccc(Cl)cc2
mol_965,Triclosan,-5.645,1,289.545,1,2,2,29.46,-4.46,Oc1cc(Cl)ccc1Oc2ccc(Cl)cc2Cl
mol_966,diisooctyl phthalate,-7.117,1,390.564,0,1,14,52.6,-6.637,c1(C(=O)OCCCCCC(C)(C))c(C(=O)OCCCCCC(C)(C))cccc1
mol_967,Corticosterone,-3.454,1,346.467,2,4,2,74.6,-3.24,CC12CC(O)C3C(CCC4=CC(=O)CCC34C)C2CCC1C(=O)CO
mol_968,"1,3,5-Trimethylbenzene ",-3.375,1,120.195,0,1,0,0,-3.4,Cc1cc(C)cc(C)c1
mol_969,dioctyl phthalate,-7.148,1,390.564,0,1,16,52.6,-5.115,CCCCCCCCOC(=O)c1ccccc1C(=O)OCCCCCCCC 
mol_970,1-Pentadecanol,-4.586,1,228.42,1,0,13,20.23,-6.35,CCCCCCCCCCCCCCCO
mol_971,"2,2',6,6'-PCB",-5.915,1,291.992,0,2,1,0,-7.39,Clc1cccc(Cl)c1c2c(Cl)cccc2Cl 
mol_972,"5,5-Dimethylbarbituric acid",-0.556,1,156.141,2,1,0,75.27,-1.742,O=C1NC(=O)NC(=O)C1(C)C
mol_973,2-Iodopropane,-2.486,1,169.993,0,0,0,0,-2.09,CC(C)I
mol_974,"1,2-Dinitrobenzene",-2.281,1,168.108,0,1,2,86.28,-3.1,O=N(=O)c1ccccc1N(=O)=O
mol_975,3-Methyl-2-butanone,-0.912,1,86.134,0,0,1,17.07,-0.12,CC(C)C(=O)C
mol_976,Hexadecane,-6.159,1,226.448,0,0,13,0,-8.4,CCCCCCCCCCCCCCCC
mol_977,"1,8-Cineole",-2.579,1,154.253,0,3,0,9.23,-1.74,CC12CCC(CC1)C(C)(C)O2
mol_978,Tricyclazole,-2.868,1,189.243,0,3,0,30.19,-2.07,Cc2cccc3sc1nncn1c23 
mol_979,2-Octanone,-1.909,1,128.215,0,0,5,17.07,-2.05,CCCCCCC(=O)C
mol_980,Methyl nonanoate,-2.962,1,172.268,0,0,7,26.3,-3.38,CCCCCCCCC(=O)OC
mol_981,"1,4-Difluorobenzene",-2.636,1,114.094,0,1,0,0,-1.97,Fc1ccc(F)cc1
mol_982,Thalidomide,-1.944,1,258.233,1,3,1,83.55,-2.676,O=C1N(C2CCC(=O)NC2=O)C(=O)c3ccccc13
mol_983,Trifluralin,-5.205,1,335.282,0,1,7,89.52,-5.68,CCCN(CCC)c1c(cc(cc1N(=O)=O)C(F)(F)F)N(=O)=O
mol_984,Ethanol,0.02,1,46.069,1,0,0,20.23,1.1,CCO
mol_985,Cyclopentyl-5-spirobarbituric acid,-0.966,1,182.179,2,2,0,75.27,-2.349,O=C2NC(=O)C1(CCCC1)C(=O)N2
mol_986,Carbetamide,-2.29,1,236.271,2,1,4,67.43,-1.83,c1c(NC(=O)OC(C)C(=O)NCC)cccc1
mol_987,phenothrin,-6.763,1,350.458,0,3,6,35.53,-5.24,CC(C)=CC3C(C(=O)OCc2cccc(Oc1ccccc1)c2)C3(C)C 
mol_988,Cycluron,-2.629,1,198.31,1,1,1,32.34,-2.218,CN(C)C(=O)NC1CCCCCCC1
mol_989,Mirex,-6.155,1,545.546,0,6,0,0,-6.8,ClC1(C2(Cl)C3(Cl)C4(Cl)C5(Cl)C1(Cl)C3(Cl)Cl)C5(Cl)C(Cl)(Cl)C24Cl
mol_990,1-Bromooctane,-3.721,1,193.128,0,0,6,0,-5.06,CCCCCCCCBr
mol_991,Benomyl,-2.902,1,290.323,2,2,4,85.25,-4.883,CCCCNC(=O)n1c(NC(=O)OC)nc2ccccc12
mol_992,aminopyrine,-2.129,1,231.299,0,2,2,30.17,-0.364,CN(C)c2c(C)n(C)n(c1ccccc1)c2=O 
mol_993,3-Pentanol,-0.97,1,88.15,1,0,2,20.23,-0.24,CCC(O)CC
mol_994,p-Nitrotoluene,-2.64,1,137.138,0,1,1,43.14,-2.49,Cc1ccc(cc1)N(=O)=O
mol_995,4-Methylpentanol,-1.381,1,102.177,1,0,3,20.23,-1.14,CC(C)CCCO
mol_996,Norethisterone,-2.669,1,314.425,2,4,0,57.53,-4.57,CC34CCC1C(CCC2=CC(=O)CCC12O)C3CCC4(O)C#C
mol_997,bromopropylate,-5.833,1,428.12,1,2,4,46.53,-4.93,CC(C)OC(=O)C(O)(c1ccc(Br)cc1)c2ccc(Br)cc2 
mol_998,Pyrazon,-2.603,1,221.647,1,2,1,60.91,-2.878,Nc2cnn(c1ccccc1)c(=O)c2Cl
mol_999,2-Methylbutan-2-ol,-0.954,1,88.15,1,0,1,20.23,0.15,CCC(C)(C)O
mol_1000,p-Cresol,-2.313,1,108.14,1,1,0,20.23,-0.73,Cc1ccc(O)cc1
mol_1001,Ethyl formate,-0.402,1,74.079,0,0,2,26.3,0.15,CCOC=O
mol_1002,"N,N-Dimethylaniline",-2.542,1,121.183,0,1,1,3.24,-1.92,CN(C)c1ccccc1
mol_1003,Decalin,-3.715,2,138.254,0,2,0,0,-5.19,C1CCC2CCCCC2C1
mol_1004,Butanethiol ,-1.676,1,90.191,1,0,2,0,-2.18,CCCCS
mol_1005,Benzo(e)pyrene,-6.007,2,252.316,0,5,0,0,-7.8,c1ccc2c(c1)c3cccc4ccc5cccc2c5c43
mol_1006,Tetrachloroethylene,-3.063,1,165.834,0,0,0,0,-2.54,ClC(=C(Cl)Cl)Cl
mol_1007,3-Pentanone,-0.912,1,86.134,0,0,2,17.07,-0.28,CCC(=O)CC
mol_1008,Acrylonitrile,-0.354,1,53.064,0,0,0,23.79,0.15,C=CC#N
mol_1009,Flumethasone,-3.539,1,410.457,3,4,2,94.83,-5.613,CC1CC2C3CC(F)C4=CC(=O)C=CC4(C)C3(F)C(O)CC2(C)C1(O)C(=O)CO
mol_1010,2-Hexanone,-1.2,1,100.161,0,0,3,17.07,-0.8,CCCCC(=O)C
mol_1011,Terbumeton,-3.505,1,225.296,2,1,4,71.96,-3.239,CCNc1nc(NC(C)(C)C)nc(OC)n1
mol_1012,3-Methylheptane,-3.308,1,114.232,0,0,4,0,-5.16,CCCCC(C)CC
mol_1013,"1,2-Dibromoethane",-2.102,1,187.862,0,0,1,0,-1.68,BrCCBr
mol_1014,Isoprocarb,-2.734,1,193.246,1,1,2,38.33,-2.863,CNC(=O)Oc1ccccc1C(C)C
mol_1015,Niridazole,-1.948,1,214.206,1,2,2,88.37,-3.22,O=C1NCCN1c2ncc(s2)N(=O)=O
mol_1016,Benzo(a)fluorene,-5.189,2,216.283,0,4,0,0,-6.68,C1c2ccccc2c3ccc4ccccc4c13
mol_1017,2-Chloroanisole,-2.912,1,142.585,0,1,1,9.23,-2.46,COc1ccccc1Cl
mol_1018,Bromophos,-5.604,1,366,0,1,4,27.69,-6.09,COP(=S)(OC)Oc1cc(Cl)c(Br)cc1Cl
mol_1019,Quinonamid,-3.988,1,332.57,1,2,3,63.24,-5.03,ClC(Cl)CC(=O)NC2=C(Cl)C(=O)c1ccccc1C2=O
mol_1020,"P,P'-DDD",-6.008,1,320.046,0,2,3,0,-7.2,ClC(Cl)C(c1ccc(Cl)cc1)c2ccc(Cl)cc2 
mol_1021,Methyl acrylate,-0.878,1,86.09,0,0,1,26.3,-0.22,COC(=O)C=C
mol_1022,Chloroxuron,-4.477,1,290.75,1,2,3,41.57,-4.89,CN(C)C(=O)Nc2ccc(Oc1ccc(Cl)cc1)cc2
mol_1023,Azobenzene,-4.034,2,182.226,0,2,2,24.72,-4.45,N(=Nc1ccccc1)c2ccccc2
mol_1024,4-Isopropyltoluene,-3.617,1,134.222,0,1,1,0,-3.77,CC(C)c1ccc(C)cc1
mol_1025,"2,6-Dichlorophenol",-3.012,1,163.003,1,1,0,20.23,-1.79,Oc1c(Cl)cccc1Cl
mol_1026,Sucrose,0.31,1,342.297,8,2,5,189.53,0.79,OCC2OC(OC1(CO)OC(CO)C(O)C1O)C(O)C(O)C2O 
mol_1027,d-inositol,-0.887,1,180.156,6,1,0,121.38,0.35,OC1C(O)C(O)C(O)C(O)C1O
mol_1028,Dyphylline,-0.847,1,254.246,2,2,3,102.28,-0.17,Cn2c(=O)n(C)c1ncn(CC(O)CO)c1c2=O
mol_1029,Chloramphenicol,-2.613,1,323.132,3,1,6,112.7,-2.111,OCC(NC(=O)C(Cl)Cl)C(O)c1ccc(cc1)N(=O)=O
mol_1030,3-Ethyl-3-pentanol,-1.663,1,116.204,1,0,3,20.23,-0.85,CCC(O)(CC)CC
mol_1031,Epitostanol,-4.545,1,306.515,1,5,0,20.23,-5.41,CC45CCC2C(CCC3CC1SC1CC23C)C4CCC5O
mol_1032,"1,2-Dibromobenzene",-4.172,1,235.906,0,1,0,0,-3.5,Brc1ccccc1Br
mol_1033,"2,4,6-Trichlorophenol",-3.648,1,197.448,1,1,0,20.23,-2.34,Oc1c(Cl)cc(Cl)cc1Cl
mol_1034,oryzalin,-3.784,1,346.365,1,1,8,149.68,-5.16,CCCN(CCC)c1c(cc(cc1N(=O)=O)S(N)(=O)=O)N(=O)=O
mol_1035,RTI 20,-3.663,1,255.292,0,3,2,20.31,-4.799,C2c1ccccc1N(CCF)C(=O)c3ccccc23 
mol_1036,"2,4-Dimethyl-3-pentanone",-1.752,1,114.188,0,0,2,17.07,-1.3,CC(C)C(=O)C(C)C
mol_1037,5-(3-Methyl-2-butenyl)-5-isoPrbarbital,-2.465,1,238.287,2,1,3,75.27,-2.593,O=C1NC(=O)NC(=O)C1(C(C)C)CC=C(C)C
mol_1038,gentisin,-1.292,1,262.261,2,3,1,75.99,-2.943,c1c(O)C2C(=O)C3cc(O)ccC3OC2cc1(OC)
mol_1039,Caffeine,-1.498,1,194.194,0,2,0,61.82,-0.876,Cn1cnc2n(C)c(=O)n(C)c(=O)c12
mol_1040,Spironolactone,-3.842,1,416.583,0,5,1,60.44,-4.173,CC(=O)SC4CC1=CC(=O)CCC1(C)C5CCC2(C)C(CCC23CCC(=O)O3)C45
mol_1041,"3,4-Dimethylphenol",-2.621,1,122.167,1,1,0,20.23,-1.38,Cc1ccc(O)cc1C
mol_1042,Diphenyl ether ,-4.254,2,170.211,0,2,2,9.23,-3.96,O(c1ccccc1)c2ccccc2
mol_1043,"2,2',4,4',5,5'-PCB",-7.343,1,360.882,0,2,1,0,-8.56,Clc1cc(Cl)c(cc1Cl)c2cc(Cl)c(Cl)cc2Cl 
mol_1044,nicotinamide,-0.964,1,122.127,1,1,1,55.98,0.61,NC(=O)c1cccnc1 
mol_1045,Thiophenol ,-2.758,1,110.181,1,1,0,0,-2.12,Sc1ccccc1
mol_1046,XMC,-2.688,1,179.219,1,1,1,38.33,-2.581,CNC(=O)Oc1cc(C)cc(C)c1
mol_1047,Chlordane,-6.039,1,409.782,0,3,0,0,-6.86,ClC1CC2C(C1Cl)C3(Cl)C(=C(Cl)C2(Cl)C3(Cl)Cl)Cl
mol_1048,Dimethyldisulfide,-1.524,1,94.204,0,0,1,0,-1.44,CSSC
mol_1049,Benzamide,-1.501,1,121.139,1,1,1,43.09,-0.96,NC(=O)c1ccccc1
mol_1050,o-Chlorobromobenzene,-3.84,1,191.455,0,1,0,0,-3.19,Clc1ccccc1Br
mol_1051,Monotropitoside,-1.493,1,446.405,6,3,6,184.6,-0.742,COC(=O)c1ccccc1OC2OC(COC3OCC(O)C(O)C3O)C(O)C(O)C2O
mol_1052,3-Heptanol ,-1.678,1,116.204,1,0,4,20.23,-1.47,CCCCC(O)CC
mol_1053,RTI 15,-3.891,1,268.32,1,3,1,58.12,-4.554,CCN2c1nc(C)cc(C)c1NC(=O)c3cccnc23 
mol_1054,"3,5-Dichlorophenol",-3.428,1,163.003,1,1,0,20.23,-1.34,Oc1cc(Cl)cc(Cl)c1
mol_1055,1-Methylphenanthrene,-4.87,1,192.261,0,3,0,0,-5.85,Cc1cccc2c1ccc3ccccc32
mol_1056,2-Ethyl-1-hexanol,-2.089,1,130.231,1,0,5,20.23,-2.11,CCCCC(CC)CO
mol_1057,Diallate,-3.827,1,270.225,0,0,4,20.31,-4.286,CC(C)N(C(C)C)C(=O)SCC(=CCl)Cl
mol_1058,Toluene ,-2.713,1,92.141,0,1,0,0,-2.21,Cc1ccccc1
mol_1059,Nitrapyrin,-3.833,1,230.909,0,1,0,12.89,-3.76,Clc1cccc(n1)C(Cl)(Cl)Cl
mol_1060,Cycloheptene,-2.599,2,96.173,0,1,0,0,-3.18,C1CCC=CCC1
mol_1061,Thiram,-2.444,1,240.444,0,0,0,6.48,-3.9,CN(C)C(=S)SSC(=S)N(C)C 
mol_1062,Griseofulvin,-3.328,1,352.77,0,3,3,71.06,-3.246,COC1=CC(=O)CC(C)C13Oc2c(Cl)c(OC)cc(OC)c2C3=O
mol_1063,1-Decanol,-2.814,1,158.285,1,0,8,20.23,-3.63,CCCCCCCCCCO
mol_1064,"3,3-Dimethylpentane",-2.938,1,100.205,0,0,2,0,-4.23,CCC(C)(C)CC
mol_1065,vamidothion,-1.446,1,287.343,1,0,8,64.63,1.144,CNC(=O)C(C)SCCSP(=O)(OC)(OC)
mol_1066,"2,3,4,5-Tetrachlorophenol",-4.335,1,231.893,1,1,0,20.23,-3.15,Oc1cc(Cl)c(Cl)c(Cl)c1Cl
mol_1067,Butyraldehyde,-0.749,1,72.107,0,0,2,17.07,-0.01,CCCC=O
mol_1068,dexamethasone acetate,-3.933,1,434.504,2,4,3,100.9,-4.9,CC4CC3C2CCC1=CC(=O)C=CC1(C)C2(F)C(O)CC3(C)C4(O)C(=O)COC(C)=O 
mol_1069,Butane,-1.907,1,58.124,0,0,1,0,-2.57,CCCC
mol_1070,o-Methoxyphenol,-1.941,1,124.139,1,1,1,29.46,-1.96,COc1ccccc1O
mol_1071,Fluoromethalone,-3.507,1,376.468,2,4,1,74.6,-4.099,CC1CC2C3CCC(O)(C(=O)C)C3(C)CC(O)C2(F)C4(C)C=CC(=O)C=C14
mol_1072,Pentachloroethane,-3.382,1,202.295,0,0,0,0,-2.6,ClC(Cl)C(Cl)(Cl)Cl
mol_1073,Diethyl phthalate ,-3.016,1,222.24,0,1,4,52.6,-2.35,CCOC(=O)c1ccccc1C(=O)OCC
mol_1074,2-Methylpropan-1-ol,-0.672,1,74.123,1,0,1,20.23,0.1,CC(C)CO
mol_1075,Isobutylbenzene,-3.57,1,134.222,0,1,2,0,-4.12,CC(C)Cc1ccccc1
mol_1076,Diiodomethane,-2.958,1,267.835,0,0,0,0,-2.34,ICI
mol_1077,4-Heptanol,-1.678,1,116.204,1,0,4,20.23,-1.4,CCCC(O)CCC
mol_1078,Pentyl acetate,-1.833,1,130.187,0,0,4,26.3,-1.89,CCCCCOC(=O)C
mol_1079,"2,3,5,6-Tetrachlorophenol",-4.203,1,231.893,1,1,0,20.23,-3.37,Oc1c(Cl)c(Cl)cc(Cl)c1Cl
mol_1080,Propylbenzene ,-3.281,1,120.195,0,1,2,0,-3.37,CCCc1ccccc1
mol_1081,"1,2-Dichlorotetrafluoroethane",-2.697,1,170.92,0,0,1,0,-2.74,FC(F)(Cl)C(F)(F)Cl
mol_1082,2-butenal,-0.604,1,70.091,0,0,1,17.07,0.32,CC=CC=O
mol_1083,tetramethylurea,-0.495,1,116.164,0,0,0,23.55,0.94,CN(C)C(=O)N(C)C 
mol_1084,"1,2,4,5-Tetramethylbenzene",-3.664,1,134.222,0,1,0,0,-4.59,Cc1cc(C)c(C)cc1C
mol_1085,norethindrone acetate,-4.241,1,340.463,0,4,1,43.37,-4.8,CC(=O)OC3(CCC4C2CCC1=CC(=O)CCC1C2CCC34C)C#C
mol_1086,Ditalimfos,-3.992,1,299.288,0,2,5,55.84,-3.35,CCOP(=S)(OCC)N2C(=O)c1ccccc1C2=O
mol_1087,salicylanilide,-3.782,1,213.236,2,2,2,49.33,-3.59,c1ccccc1NC(=O)c2c(O)cccc2
mol_1088,Sulfallate,-3.254,1,223.794,0,0,4,3.24,-3.39,CCN(CC)C(=S)SCC(Cl)=C
mol_1089,Chloroethane,-1.165,1,64.515,0,0,0,0,-1.06,ClCC
mol_1090,Mefluidide,-3.165,1,310.297,2,1,3,75.27,-3.24,CC(=O)Nc1cc(NS(=O)(=O)C(F)(F)F)c(C)cc1C
mol_1091,Piperine,-3.659,1,285.343,0,3,3,38.77,-3.46,O=C(C=CC=Cc2ccc1OCOc1c2)N3CCCCC3
mol_1092,cis-2-Pentene,-2.076,1,70.135,0,0,1,0,-2.54,CC/C=C\C
mol_1093,thiofanox,-2.7,1,218.322,1,0,3,50.69,-1.62,CNC(=O)ON=C(CSC)C(C)(C)C 
mol_1094,Cyclooctyl-5-spirobarbituric acid,-2.284,1,224.26,2,2,0,75.27,-2.982,O=C2NC(=O)C1(CCCCCCC1)C(=O)N2
mol_1095,butacarb,-4.642,1,263.381,1,1,1,38.33,-4.24,c1(C(C)(C)C)cc(C(C)(C)C)cc(OC(=O)NC)c1
mol_1096,Eriodictyol,-3.152,1,288.255,4,3,1,107.22,-3.62,Oc2cc(O)c1C(=O)CC(Oc1c2)c3ccc(O)c(O)c3
mol_1097,Benzophenone,-3.612,1,182.222,0,2,2,17.07,-3.12,O=C(c1ccccc1)c2ccccc2
mol_1098,Eicosane,-7.576,1,282.556,0,0,17,0,-8.172,CCCCCCCCCCCCCCCCCCCC
mol_1099,hydrazobenzene,-3.492,2,184.242,2,2,3,24.06,-2.92,N(Nc1ccccc1)c2ccccc2 
mol_1100,2-Ethyl-1-butanol,-1.381,1,102.177,1,0,3,20.23,-1.17,CCC(CC)CO
mol_1101,4-hydroxypyridine,-1.655,1,95.101,1,1,0,33.12,1.02,Oc1ccncc1
mol_1102,"cis 1,2-Dichloroethylene",-1.561,1,96.944,0,0,0,0,-1.3,Cl\C=C/Cl
mol_1103,Methylcyclopentane,-2.452,1,84.162,0,1,0,0,-3.3,CC1CCCC1
mol_1104,4-Methyl-2-pentanol,-1.308,1,102.177,1,0,2,20.23,-0.8,CC(C)CC(C)O
mol_1105,RTI 11,-3.125,1,254.289,1,3,0,55.56,-3.928,O2c1ccc(N)cc1N(C)C(=O)c3cc(C)ccc23 
mol_1106,"2,2-Dimethylpropanol",-1.011,1,88.15,1,0,0,20.23,-0.4,CC(C)(C)CO
mol_1107,Triadimefon,-4.132,1,293.754,0,2,4,57.01,-3.61,CC(C)(C)C(=O)C(Oc1ccc(Cl)cc1)n2cncn2
mol_1108,Isocarboxazid,-2.251,1,231.255,2,2,4,67.16,-2.461,Cc1cc(no1)C(=O)NNCc2ccccc2
mol_1109,Propylene,-1.235,1,42.081,0,0,0,0,-1.08,CC=C
mol_1110,Dichlorophen,-4.924,1,269.127,2,2,2,40.46,-3.953,Oc1ccc(Cl)cc1Cc2cc(Cl)ccc2O
mol_1111,Desmedipham,-4.182,1,300.314,2,2,4,76.66,-4.632,CCOC(=O)Nc2cccc(OC(=O)Nc1ccccc1)c2 
mol_1112,Anthraquinone,-3.34,1,208.216,0,3,0,34.14,-5.19,O=C1c2ccccc2C(=O)c3ccccc13
mol_1113,2-Octanol,-2.033,1,130.231,1,0,5,20.23,-2.09,CCCCCCC(C)O
mol_1114,Oxycarboxin,-2.169,1,267.306,1,2,2,72.47,-2.281,CC1=C(C(=O)Nc2ccccc2)S(=O)(=O)CCO1
mol_1115,Butylbenzene,-3.585,1,134.222,0,1,3,0,-4.06,CCCCc1ccccc1
mol_1116,parabanic acid,1.091,1,114.06,2,1,0,75.27,-0.4,O=C1NC(=O)C(=O)N1 
mol_1117,Abate,-6.678,1,466.479,0,2,10,55.38,-6.237,COP(=S)(OC)Oc1ccc(Sc2ccc(OP(=S)(OC)OC)cc2)cc1
mol_1118,Chlorthalidone,-2.564,1,338.772,3,3,2,109.49,-3.451,NS(=O)(=O)c1cc(ccc1Cl)C2(O)NC(=O)c3ccccc23
mol_1119,Isobutyl acetate,-1.463,1,116.16,0,0,2,26.3,-1.21,CC(C)COC(=O)C
mol_1120,"2,2,3-Trimethylbutane",-2.922,1,100.205,0,0,0,0,-4.36,CC(C)C(C)(C)C
mol_1121,"2,3,3',4,4'6-PCB",-7.746,1,395.327,0,2,1,0,-7.66,Clc1ccc(c(Cl)c1Cl)c2c(Cl)cc(Cl)c(Cl)c2Cl 
mol_1122,Phthalonitrile,-1.717,1,128.134,0,1,0,47.58,-2.38,N#Cc1ccccc1C#N
mol_1123,m-Nitrotoluene,-2.64,1,137.138,0,1,1,43.14,-2.44,Cc1cccc(c1)N(=O)=O
mol_1124,halothane,-2.608,1,197.381,0,0,0,0,-1.71,FC(F)(F)C(Cl)Br 
mol_1125,Oxamyl,-0.908,1,219.266,1,0,1,71,0.106,CNC(=O)ON=C(SC)C(=O)N(C)C
mol_1126,Thiometon,-3.323,1,246.359,0,0,7,18.46,-3.091,CCSCCSP(=S)(OC)OC
mol_1127,2-Methylbutane,-2.245,1,72.151,0,0,1,0,-3.18,CCC(C)C
mol_1128,Stirofos,-4.32,1,365.964,0,1,5,44.76,-4.522,COP(=O)(OC)OC(=CCl)c1cc(Cl)c(Cl)cc1Cl